x,y,WSS_x_true,WSS_y_true,WSS_mag_true,WSS_x_pred,WSS_y_pred,WSS_mag_pred,error_x,error_y,error_mag,rel_error_mag_%
0.3562820554,1.0,-5.4562006e-06,-0.0,5.4562006e-06,-5.819344e-06,-2.6750484e-08,5.8194055e-06,3.631435e-07,2.6750484e-08,3.632049e-07,6.6566143
0.3640339971,1.0,-4.473256e-06,-0.0,4.473256e-06,-4.9952077e-06,-1.0190212e-07,4.9962473e-06,5.2195173e-07,1.0190212e-07,5.229913e-07,11.691251
0.3717859387,1.0,-3.051889e-06,-0.0,3.051889e-06,-3.1139714e-06,-2.2508821e-08,3.1140528e-06,6.2082336e-08,2.2508821e-08,6.2163735e-08,2.0368268
0.3795378506,1.0,-2.3695675e-06,-0.0,2.3695675e-06,-2.0488542e-06,1.3828561e-08,2.0489008e-06,3.207133e-07,1.3828561e-08,3.206667e-07,13.532139
0.3872897923,1.0,-1.8722385e-06,-0.0,1.8722385e-06,-1.6851316e-06,1.0789535e-08,1.6851661e-06,1.8710693e-07,1.0789535e-08,1.8707237e-07,9.991375
0.395041734,1.0,-1.5559644e-06,-0.0,1.5559644e-06,-1.5299008e-06,8.050961e-09,1.529922e-06,2.6063617e-08,8.050961e-09,2.6042471e-08,1.6736113
0.4027936757,1.0,-1.3293325e-06,-0.0,1.3293325e-06,-1.4057201e-06,5.7123373e-09,1.4057317e-06,7.6387664e-08,5.7123373e-09,7.639926e-08,5.7467575
0.4105456173,1.0,-1.1657207e-06,-0.0,1.1657207e-06,-1.2827176e-06,4.0905945e-09,1.282724e-06,1.1699683e-07,4.0905945e-09,1.1700331e-07,10.036132
0.418297559,1.0,-1.0411941e-06,-0.0,1.0411941e-06,-1.1593543e-06,6.174062e-09,1.1593708e-06,1.1816019e-07,6.174062e-09,1.1817667e-07,11.349019
0.4260495007,1.0,-9.436867e-07,-0.0,9.436867e-07,-1.0358841e-06,7.659729e-09,1.0359124e-06,9.219741e-08,7.659729e-09,9.222572e-08,9.771882
0.4338014126,1.0,-8.650022e-07,-0.0,8.650022e-07,-9.355735e-07,5.1688644e-09,9.3558776e-07,7.0571275e-08,5.1688644e-09,7.058554e-08,8.159214
0.4415533543,1.0,-8.0007476e-07,-0.0,8.0007476e-07,-8.528944e-07,3.8152947e-09,8.5290293e-07,5.2819644e-08,3.8152947e-09,5.282817e-08,6.6020794
0.4493052959,1.0,-7.4546733e-07,-0.0,7.4546733e-07,-7.7998106e-07,1.2823236e-09,7.799821e-07,3.4513732e-08,1.2823236e-09,3.4514755e-08,4.629328
0.4570572376,1.0,-6.98823e-07,-0.0,6.98823e-07,-7.1882704e-07,-9.587424e-10,7.1882766e-07,2.0004052e-08,9.587424e-10,2.0004677e-08,2.8622148
0.4648091793,1.0,-6.584596e-07,-0.0,6.584596e-07,-6.706118e-07,-1.2634302e-09,6.70613e-07,1.21522135e-08,1.2634302e-09,1.2153407e-08,1.8454529
0.472561121,1.0,-6.2314075e-07,-0.0,6.2314075e-07,-6.2892184e-07,-2.1612578e-09,6.2892553e-07,5.7810894e-09,2.1612578e-09,5.784784e-09,0.92817813
0.4803130627,1.0,-5.9196236e-07,-0.0,5.9196236e-07,-5.9189057e-07,-3.877986e-09,5.919033e-07,7.179324e-11,3.877986e-09,5.906031e-11,0.009975353
0.4880650043,1.0,-5.642137e-07,-0.0,5.642137e-07,-5.5930735e-07,-5.2250826e-09,5.5933174e-07,4.906326e-09,5.2250826e-09,4.88194e-09,0.8651111
0.495816946,1.0,-5.3933854e-07,-0.0,5.3933854e-07,-5.322356e-07,-6.115066e-09,5.3227075e-07,7.1029262e-09,6.115066e-09,7.067797e-09,1.3102136
0.5035688877,1.0,-5.169077e-07,-0.0,5.169077e-07,-5.099405e-07,-6.7290173e-09,5.099849e-07,6.967184e-09,6.7290173e-09,6.9227895e-09,1.339011
0.5113208294,1.0,-4.965668e-07,-0.0,4.965668e-07,-4.901263e-07,-7.1396187e-09,4.901783e-07,6.44053e-09,7.1396187e-09,6.388518e-09,1.2862785
0.5190727711,1.0,-4.780286e-07,-0.0,4.780286e-07,-4.7259448e-07,-6.8514225e-09,4.7264413e-07,5.434117e-09,6.8514225e-09,5.3844644e-09,1.1261541
0.5268247128,1.0,-4.6106152e-07,-0.0,4.6106152e-07,-4.562284e-07,-6.3161423e-09,4.5627212e-07,4.8331117e-09,6.3161423e-09,4.789399e-09,1.0385513
0.5345765948,1.0,-4.4547232e-07,-0.0,4.4547232e-07,-4.396379e-07,-5.775412e-09,4.396758e-07,5.834437e-09,5.775412e-09,5.7965224e-09,1.3009162
0.5423285365,1.0,-4.310973e-07,-0.0,4.310973e-07,-4.2295304e-07,-5.22342e-09,4.2298527e-07,8.144269e-09,5.22342e-09,8.112039e-09,1.8812824
0.5500804782,1.0,-4.1779867e-07,-0.0,4.1779867e-07,-4.0675198e-07,-4.6199773e-09,4.067782e-07,1.1046694e-08,4.6199773e-09,1.1020461e-08,2.6371133
0.5578324199,1.0,-4.0545865e-07,-0.0,4.0545865e-07,-3.9062522e-07,-4.0553587e-09,3.9064628e-07,1.4833432e-08,4.0553587e-09,1.4812372e-08,3.6523378
0.5655843616,1.0,-3.939872e-07,-0.0,3.939872e-07,-3.7460194e-07,-3.4982577e-09,3.7461825e-07,1.9385254e-08,3.4982577e-09,1.936894e-08,4.914887
0.5733363032,1.0,-3.832788e-07,-0.0,3.832788e-07,-3.593782e-07,-2.9748435e-09,3.593905e-07,2.3900611e-08,2.9748435e-09,2.3888305e-08,6.2309933
0.5810882449,1.0,-3.7323525e-07,-0.0,3.7323525e-07,-3.4781272e-07,-1.9674644e-09,3.478183e-07,2.5422537e-08,1.9674644e-09,2.5416966e-08,6.808081
0.5888401866,1.0,-3.6382562e-07,-0.0,3.6382562e-07,-3.3798912e-07,-1.0686136e-09,3.379908e-07,2.58365e-08,1.0686136e-09,2.5834822e-08,7.0989294
0.5965921283,1.0,-3.550399e-07,-0.0,3.550399e-07,-3.2916597e-07,-2.7817038e-10,3.2916608e-07,2.587393e-08,2.7817038e-10,2.5873817e-08,7.285528
0.60434407,1.0,-3.4680352e-07,-0.0,3.4680352e-07,-3.2087297e-07,4.5908877e-10,3.208733e-07,2.5930547e-08,4.5908877e-10,2.5930206e-08,7.4747605
0.6120960116,1.0,-3.3903734e-07,-0.0,3.3903734e-07,-3.1284972e-07,1.1752022e-09,3.1285194e-07,2.6187621e-08,1.1752022e-09,2.6185404e-08,7.72118
0.6198479533,1.0,-3.3170727e-07,-0.0,3.3170727e-07,-3.050923e-07,1.8461392e-09,3.050979e-07,2.661497e-08,1.8461392e-09,2.660937e-08,8.0195265
0.627599895,1.0,-3.247833e-07,-0.0,3.247833e-07,-2.9784957e-07,2.3593998e-09,2.9785892e-07,2.693372e-08,2.3593998e-09,2.6924369e-08,8.287397
0.6353518367,1.0,-3.182331e-07,-0.0,3.182331e-07,-2.9098618e-07,2.6067895e-09,2.9099786e-07,2.7246926e-08,2.6067895e-09,2.7235245e-08,8.555581
0.6431037784,1.0,-3.120267e-07,-0.0,3.120267e-07,-2.8461824e-07,2.763521e-09,2.8463165e-07,2.7408475e-08,2.763521e-09,2.739506e-08,8.776904
0.6508556604,1.0,-3.061391e-07,-0.0,3.061391e-07,-2.777333e-07,2.9270808e-09,2.777487e-07,2.8405793e-08,2.9270808e-09,2.8390389e-08,9.270661
0.6586076021,1.0,-3.0054798e-07,-0.0,3.0054798e-07,-2.7001366e-07,3.0760035e-09,2.700312e-07,3.0534324e-08,3.0760035e-09,3.0516787e-08,10.150339
0.6663595438,1.0,-2.952329e-07,-0.0,2.952329e-07,-2.614868e-07,3.1744776e-09,2.6150607e-07,3.374609e-08,3.1744776e-09,3.372682e-08,11.419933
0.6741114855,1.0,-2.90172e-07,-0.0,2.90172e-07,-2.5301068e-07,3.1167176e-09,2.530299e-07,3.716133e-08,3.1167176e-09,3.7142115e-08,12.795625
0.6818634272,1.0,-2.853503e-07,-0.0,2.853503e-07,-2.445164e-07,3.050772e-09,2.4453544e-07,4.0833896e-08,3.050772e-09,4.0814854e-08,14.29841
0.6896153688,1.0,-2.8075237e-07,-0.0,2.8075237e-07,-2.3656267e-07,3.0123104e-09,2.3658185e-07,4.4189704e-08,3.0123104e-09,4.417052e-08,15.727309
0.6973673105,1.0,-2.763627e-07,-0.0,2.763627e-07,-2.2970588e-07,2.838938e-09,2.2972343e-07,4.6656822e-08,2.838938e-09,4.6639272e-08,16.870005
0.7051192522,1.0,-2.7216765e-07,-0.0,2.7216765e-07,-2.2343346e-07,2.6659066e-09,2.2344938e-07,4.8734194e-08,2.6659066e-09,4.8718277e-08,17.893524
0.7128711939,1.0,-2.6815633e-07,-0.0,2.6815633e-07,-2.1811036e-07,2.3305873e-09,2.181228e-07,5.004597e-08,2.3305873e-09,5.003352e-08,18.651386
0.7206231356,1.0,-2.6431644e-07,-0.0,2.6431644e-07,-2.1341489e-07,1.8861712e-09,2.1342323e-07,5.0901548e-08,1.8861712e-09,5.0893206e-08,19.247368
0.7283750772,1.0,-2.6063753e-07,-0.0,2.6063753e-07,-2.10109e-07,1.8266064e-09,2.1011694e-07,5.052854e-08,1.8266064e-09,5.0520597e-08,19.376038
0.7361270189,1.0,-2.5711142e-07,-0.0,2.5711142e-07,-2.07265e-07,1.7723423e-09,2.0727258e-07,4.984642e-08,1.7723423e-09,4.9838846e-08,19.376608
0.7438789606,1.0,-2.5372856e-07,-0.0,2.5372856e-07,-2.0547469e-07,1.761542e-09,2.0548224e-07,4.8253867e-08,1.761542e-09,4.824632e-08,19.007444
0.7516309023,1.0,-2.5048166e-07,-0.0,2.5048166e-07,-2.0439819e-07,1.7798243e-09,2.0440594e-07,4.608347e-08,1.7798243e-09,4.6075726e-08,18.38751
0.759382844,1.0,-2.47363e-07,-0.0,2.47363e-07,-2.0392824e-07,1.7798669e-09,2.03936e-07,4.3434767e-08,1.7798669e-09,4.3427008e-08,17.54889
0.7671347857,1.0,-2.4436576e-07,-0.0,2.4436576e-07,-2.0392434e-07,1.7838531e-09,2.0393215e-07,4.044142e-08,1.7838531e-09,4.043362e-08,16.539585
0.7748867273,1.0,-2.414863e-07,-0.0,2.414863e-07,-2.0403527e-07,1.7769892e-09,2.04043e-07,3.745103e-08,1.7769892e-09,3.74433e-08,15.498935
0.7826386094,1.0,-2.3871644e-07,-0.0,2.3871644e-07,-2.0448482e-07,1.7168418e-09,2.0449203e-07,3.423162e-08,1.7168418e-09,3.4224414e-08,14.330846
0.7903905511,1.0,-2.3605298e-07,-0.0,2.3605298e-07,-2.0518527e-07,1.6352217e-09,2.0519178e-07,3.086771e-08,1.6352217e-09,3.08612e-08,13.068309
0.7981424928,1.0,-2.3349185e-07,-0.0,2.3349185e-07,-2.0604884e-07,1.5531185e-09,2.060547e-07,2.7443008e-08,1.5531185e-09,2.7437153e-08,11.745767
0.8058944345,1.0,-2.3102712e-07,-0.0,2.3102712e-07,-2.0688793e-07,1.4914505e-09,2.0689332e-07,2.4139183e-08,1.4914505e-09,2.4133797e-08,10.441785
0.8136463761,1.0,-2.2865925e-07,-0.0,2.2865925e-07,-2.0756985e-07,1.4262014e-09,2.0757476e-07,2.1089392e-08,1.4262014e-09,2.1084489e-08,9.21689
0.8213983178,1.0,-2.2638233e-07,-0.0,2.2638233e-07,-2.0812988e-07,1.3286652e-09,2.0813411e-07,1.825245e-08,1.3286652e-09,1.8248215e-08,8.057236
0.8291502595,1.0,-2.241959e-07,-0.0,2.241959e-07,-2.0895709e-07,1.1997585e-09,2.0896053e-07,1.5238811e-08,1.1997585e-09,1.5235372e-08,6.7925324
0.8369022012,1.0,-2.2209724e-07,-0.0,2.2209724e-07,-2.0972962e-07,1.072145e-09,2.0973235e-07,1.2367622e-08,1.072145e-09,1.2364893e-08,5.5648274
0.8446541429,1.0,-2.2008635e-07,-0.0,2.2008635e-07,-2.1053458e-07,9.59389e-10,2.1053677e-07,9.551769e-09,9.59389e-10,9.549581e-09,4.3370447
0.8524060845,1.0,-2.181614e-07,-0.0,2.181614e-07,-2.1143998e-07,8.3234397e-10,2.1144162e-07,6.7214216e-09,8.3234397e-10,6.7197874e-09,3.0787795
0.8601580262,1.0,-2.1632331e-07,-0.0,2.1632331e-07,-2.1250457e-07,7.1200645e-10,2.1250577e-07,3.818741e-09,7.1200645e-10,3.817547e-09,1.763926
0.8679099679,1.0,-2.1457072e-07,-0.0,2.1457072e-07,-2.1371409e-07,5.9795724e-10,2.1371493e-07,8.566303e-10,5.9795724e-10,8.557919e-10,0.3986533
0.8756619096,1.0,-2.1290498e-07,-0.0,2.1290498e-07,-2.1504877e-07,4.8645177e-10,2.1504933e-07,2.1437927e-09,4.8645177e-10,2.144347e-09,1.0067121
0.8834138513,1.0,-2.1132882e-07,-0.0,2.1132882e-07,-2.1666938e-07,2.9734792e-10,2.1666958e-07,5.340553e-09,2.9734792e-10,5.340752e-09,2.5260282
0.8911657929,1.0,-2.0984362e-07,-0.0,2.0984362e-07,-2.1832261e-07,1.12322596e-10,2.1832264e-07,8.478992e-09,1.12322596e-10,8.47902e-09,4.038713
0.898917675,1.0,-2.0844936e-07,-0.0,2.0844936e-07,-2.1995282e-07,-5.2715166e-11,2.1995284e-07,1.15034595e-08,5.2715166e-11,1.1503474e-08,5.5159473
0.9066696167,1.0,-2.0715197e-07,-0.0,2.0715197e-07,-2.2155373e-07,-1.9442581e-10,2.2155382e-07,1.4401763e-08,1.9442581e-10,1.4401849e-08,6.948956
0.9144215584,1.0,-2.0595598e-07,-0.0,2.0595598e-07,-2.231034e-07,-3.124896e-10,2.2310361e-07,1.7147414e-08,3.124896e-10,1.7147627e-08,8.321829
0.9221735001,1.0,-2.0486094e-07,-0.0,2.0486094e-07,-2.2462856e-07,-4.2411585e-10,2.2462896e-07,1.9767626e-08,4.2411585e-10,1.9768024e-08,9.644776
0.9299254417,1.0,-2.0387597e-07,-0.0,2.0387597e-07,-2.2614867e-07,-5.198544e-10,2.2614927e-07,2.2272701e-08,5.198544e-10,2.2273298e-08,10.919569
0.9376773834,1.0,-2.030065e-07,-0.0,2.030065e-07,-2.2764073e-07,-6.0624217e-10,2.2764154e-07,2.4634232e-08,6.0624217e-10,2.4635042e-08,12.129126
0.9454293251,1.0,-2.022557e-07,-0.0,2.022557e-07,-2.2909762e-07,-6.883596e-10,2.2909866e-07,2.6841917e-08,6.883596e-10,2.6842955e-08,13.265232
0.9531812668,1.0,-2.0162997e-07,-0.0,2.0162997e-07,-2.3051788e-07,-7.66903e-10,2.3051916e-07,2.888791e-08,7.66903e-10,2.888919e-08,14.320723
0.9609332085,1.0,-2.0114658e-07,-0.0,2.0114658e-07,-2.3227125e-07,-7.19929e-10,2.3227237e-07,3.112467e-08,7.19929e-10,3.1125793e-08,15.466496
0.9686851501,1.0,-2.0080188e-07,-0.0,2.0080188e-07,-2.3400781e-07,-6.6579986e-10,2.3400877e-07,3.3205936e-08,6.6579986e-10,3.3206888e-08,16.52891
0.9764370918,1.0,-2.0062316e-07,-0.0,2.0062316e-07,-2.356725e-07,-6.0948224e-10,2.356733e-07,3.504934e-08,6.0948224e-10,3.5050135e-08,17.461927
0.9841890335,1.0,-2.005886e-07,-0.0,2.005886e-07,-2.3752054e-07,-3.7446313e-10,2.3752084e-07,3.6931937e-08,3.7446313e-10,3.6932235e-08,18.402758
0.9919409752,1.0,-2.0073594e-07,-0.0,2.0073594e-07,-2.3891658e-07,-8.9308116e-11,2.389166e-07,3.8180644e-08,8.9308116e-11,3.8180673e-08,19.010878
0.9996929169,1.0,-2.0107109e-07,-0.0,2.0107109e-07,-2.39013e-07,3.3217873e-11,2.39013e-07,3.7941902e-08,3.3217873e-11,3.7941902e-08,18.860514
1.007444859,1.0,-2.0160633e-07,-0.0,2.0160633e-07,-2.3750036e-07,-4.1467274e-11,2.3750037e-07,3.5894033e-08,4.1467274e-11,3.5894047e-08,17.795202
1.0151968,1.0,-2.0235484e-07,-0.0,2.0235484e-07,-2.3465978e-07,-2.8215652e-10,2.3465995e-07,3.230494e-08,2.8215652e-10,3.230511e-08,15.956699
1.022948742,1.0,-2.0333209e-07,-0.0,2.0333209e-07,-2.3155272e-07,-3.715499e-10,2.3155302e-07,2.8220626e-08,3.715499e-10,2.8220924e-08,13.872405
1.030700684,1.0,-2.04554e-07,-0.0,2.04554e-07,-2.2846314e-07,-3.3691805e-10,2.2846339e-07,2.3909138e-08,3.3691805e-10,2.3909394e-08,11.682837
1.038452625,1.0,-2.0603738e-07,-0.0,2.0603738e-07,-2.2519274e-07,-2.918057e-10,2.2519292e-07,1.9155351e-08,2.918057e-10,1.9155536e-08,9.292606
1.046204567,1.0,-2.078009e-07,-0.0,2.078009e-07,-2.2226928e-07,-7.792522e-11,2.2226929e-07,1.4468384e-08,7.792522e-11,1.4468398e-08,6.9592767
1.053956509,1.0,-2.0986545e-07,-0.0,2.0986545e-07,-2.1921917e-07,1.734719e-10,2.1921925e-07,9.353727e-09,1.734719e-10,9.353798e-09,4.454922
1.06170845,1.0,-2.122515e-07,-0.0,2.122515e-07,-2.162007e-07,4.6705395e-10,2.162012e-07,3.9491965e-09,4.6705395e-10,3.949694e-09,1.8599792
1.069460392,1.0,-2.1498226e-07,-0.0,2.1498226e-07,-2.133805e-07,7.99794e-10,2.1338201e-07,1.6017623e-09,7.99794e-10,1.6002559e-09,0.7440204
1.077212334,1.0,-2.1808228e-07,-0.0,2.1808228e-07,-2.1092953e-07,1.1442438e-09,2.1093263e-07,7.1527495e-09,1.1442438e-09,7.1496515e-09,3.2769167
1.084964275,1.0,-2.2157928e-07,-0.0,2.2157928e-07,-2.0893478e-07,1.4711006e-09,2.0893995e-07,1.2644506e-08,1.4711006e-09,1.2639333e-08,5.70163
1.092716217,1.0,-2.254992e-07,-0.0,2.254992e-07,-2.073651e-07,1.7245299e-09,2.0737228e-07,1.8134102e-08,1.7245299e-09,1.8126926e-08,8.035013
1.10046804,1.0,-2.2987797e-07,-0.0,2.2987797e-07,-2.0585134e-07,1.9673507e-09,2.0586073e-07,2.4026633e-08,1.9673507e-09,2.401724e-08,10.443278
1.108219981,1.0,-2.3474604e-07,-0.0,2.3474604e-07,-2.0446004e-07,2.1935236e-09,2.044718e-07,3.0286003e-08,2.1935236e-09,3.0274236e-08,12.891099
1.115971923,1.0,-2.4014116e-07,-0.0,2.4014116e-07,-2.034958e-07,2.4638922e-09,2.0351072e-07,3.664536e-08,2.4638922e-09,3.663044e-08,15.247363
1.123723865,1.0,-2.4610426e-07,-0.0,2.4610426e-07,-2.0306027e-07,2.7867273e-09,2.030794e-07,4.3043997e-08,2.7867273e-09,4.302487e-08,17.475275
1.131475806,1.0,-2.5268264e-07,-0.0,2.5268264e-07,-2.0334718e-07,3.140734e-09,2.0337144e-07,4.9335455e-08,3.140734e-09,4.9311197e-08,19.507353
1.139227748,1.0,-2.5992676e-07,-0.0,2.5992676e-07,-2.0428413e-07,3.5266012e-09,2.0431457e-07,5.564263e-08,3.5266012e-09,5.561219e-08,21.387104
1.14697969,1.0,-2.6789485e-07,-0.0,2.6789485e-07,-2.0588709e-07,3.9994106e-09,2.0592593e-07,6.200776e-08,3.9994106e-09,6.196892e-08,23.123177
1.154731631,1.0,-2.7665283e-07,-0.0,2.7665283e-07,-2.0920206e-07,4.5857718e-09,2.0925232e-07,6.745077e-08,4.5857718e-09,6.740051e-08,24.354046
1.162483573,1.0,-2.8627528e-07,-0.0,2.8627528e-07,-2.1335006e-07,5.27875e-09,2.1341535e-07,7.292522e-08,5.27875e-09,7.285993e-08,25.442118
1.170235515,1.0,-2.968536e-07,-0.0,2.968536e-07,-2.1892697e-07,5.7622813e-09,2.1900279e-07,7.792664e-08,5.7622813e-09,7.785083e-08,26.216496
1.177987456,1.0,-3.0849196e-07,-0.0,3.0849196e-07,-2.2557074e-07,6.022624e-09,2.2565114e-07,8.292122e-08,6.022624e-09,8.284083e-08,26.844778
1.185739398,1.0,-3.2131356e-07,-0.0,3.2131356e-07,-2.3368099e-07,5.9259904e-09,2.3375613e-07,8.763257e-08,5.9259904e-09,8.755744e-08,27.241364
1.19349134,1.0,-3.3546894e-07,-0.0,3.3546894e-07,-2.4259379e-07,5.7697775e-09,2.426624e-07,9.2875155e-08,5.7697775e-09,9.2806545e-08,27.656479
1.201243281,1.0,-3.511418e-07,-0.0,3.511418e-07,-2.5321538e-07,5.5660223e-09,2.5327654e-07,9.792643e-08,5.5660223e-09,9.786527e-08,27.862648
1.208995223,1.0,-3.6855954e-07,-0.0,3.6855954e-07,-2.6712652e-07,5.4949822e-09,2.6718303e-07,1.0143302e-07,5.4949822e-09,1.01376514e-07,27.498684
1.216747165,1.0,-3.88005e-07,-0.0,3.88005e-07,-2.8900263e-07,5.6713603e-09,2.8905828e-07,9.9002364e-08,5.6713603e-09,9.8946714e-08,25.494831
1.224499106,1.0,-4.0983832e-07,-0.0,4.0983832e-07,-3.224203e-07,4.6499196e-09,3.2245384e-07,8.7418016e-08,4.6499196e-09,8.738448e-08,21.316494
1.232251048,1.0,-4.3452337e-07,-0.0,4.3452337e-07,-3.642936e-07,3.2585916e-09,3.643082e-07,7.022976e-08,3.2585916e-09,7.021518e-08,16.155409
1.24000299,1.0,-4.6265995e-07,-0.0,4.6265995e-07,-4.184853e-07,3.5758063e-09,4.1850058e-07,4.417464e-08,3.5758063e-09,4.415938e-08,9.54261
1.247754931,1.0,-4.950548e-07,-0.0,4.950548e-07,-4.8225917e-07,3.9989843e-09,4.8227577e-07,1.2795624e-08,3.9989843e-09,1.2779026e-08,2.5808144
1.255506873,1.0,-5.3277563e-07,-0.0,5.3277563e-07,-5.5590806e-07,3.1950762e-09,5.5591727e-07,2.313243e-08,3.1950762e-09,2.3141638e-08,4.3427844
1.263258815,1.0,-5.773395e-07,-0.0,5.773395e-07,-6.4180267e-07,9.18007e-10,6.418033e-07,6.4463165e-08,9.18007e-10,6.446379e-08,11.163732
1.271010756,1.0,-6.3077186e-07,-0.0,6.3077186e-07,-7.346186e-07,-4.112124e-10,7.346187e-07,1.0384673e-07,4.112124e-10,1.03846844e-07,16.460846
1.278762698,1.0,-6.963137e-07,-0.0,6.963137e-07,-8.424341e-07,-6.0684897e-09,8.424559e-07,1.4612039e-07,6.0684897e-09,1.4614221e-07,20.984972
1.28651464,1.0,-7.780577e-07,-0.0,7.780577e-07,-9.548862e-07,-8.6812975e-09,9.549257e-07,1.7682851e-07,8.6812975e-09,1.7686796e-07,22.729065
1.294266582,1.0,-8.845782e-07,-0.0,8.845782e-07,-1.0840935e-06,-6.3820877e-09,1.0841122e-06,1.9951528e-07,6.3820877e-09,1.9953404e-07,22.55442
1.302018523,1.0,-1.0241661e-06,-0.0,1.0241661e-06,-1.2181828e-06,-3.8247308e-09,1.2181888e-06,1.940167e-07,3.8247308e-09,1.9402273e-07,18.94261
1.309770465,1.0,-1.2273699e-06,-0.0,1.2273699e-06,-1.3675153e-06,-5.6091665e-10,1.3675154e-06,1.401454e-07,5.6091665e-10,1.4014552e-07,11.417429
1.317522407,1.0,-1.5048454e-06,-0.0,1.5048454e-06,-1.5518596e-06,3.4166447e-09,1.5518633e-06,4.701417e-08,3.4166447e-09,4.701792e-08,3.1242275
1.325274348,1.0,-1.9973031e-06,-0.0,1.9973031e-06,-1.918239e-06,1.1870213e-08,1.9182755e-06,7.906419e-08,1.1870213e-08,7.9027586e-08,3.9565165
1.33302629,1.0,-2.6275575e-06,-0.0,2.6275575e-06,-2.8829372e-06,-2.2278854e-09,2.8829381e-06,2.5537975e-07,2.2278854e-09,2.5538066e-07,9.718947
1.340778112,1.0,-4.237045e-06,-0.0,4.237045e-06,-4.6048276e-06,-3.0896985e-08,4.6049313e-06,3.6778283e-07,3.0896985e-08,3.678865e-07,8.682416
1.348530054,1.0,-5.266781e-06,-0.0,5.266781e-06,-5.7225157e-06,-1.1006563e-07,5.7235743e-06,4.557346e-07,1.1006563e-07,4.5679326e-07,8.672937
0.3524060845,0.9961240292,-0.0,4.323592e-06,4.323592e-06,-1.5806862e-08,4.563685e-06,4.563712e-06,1.5806862e-08,2.4009296e-07,2.4012024e-07,5.5535927
0.3524060845,0.9883720875,-0.0,1.8062551e-06,1.8062551e-06,-4.219787e-08,1.9654562e-06,1.9659092e-06,4.219787e-08,1.5920114e-07,1.5965406e-07,8.838465
0.3524060845,0.9806201458,-0.0,1.4469778e-06,1.4469778e-06,1.8891903e-08,1.3368639e-06,1.3369973e-06,1.8891903e-08,1.1011389e-07,1.0998042e-07,7.600173
0.3524060845,0.9728682041,-0.0,1.0943312e-06,1.0943312e-06,2.869541e-08,1.0341455e-06,1.0345435e-06,2.869541e-08,6.01857e-08,5.978768e-08,5.4628997
0.3524060845,0.9651162624,-0.0,8.6585953e-07,8.6585953e-07,3.2281825e-08,8.844592e-07,8.8504817e-07,3.2281825e-08,1.8599678e-08,1.9188633e-08,2.215881
0.3524060845,0.9573643208,-0.0,6.9974544e-07,6.9974544e-07,2.0700895e-08,7.777315e-07,7.7800695e-07,2.0700895e-08,7.7986044e-08,7.826151e-08,11.182685
0.3524060845,0.9496123791,-0.0,5.770045e-07,5.770045e-07,6.8407644e-09,6.752352e-07,6.7526986e-07,6.8407644e-09,9.823066e-08,9.826533e-08,17.027304
0.3524060845,0.9418604374,-0.0,4.8816577e-07,4.8816577e-07,2.3045743e-09,5.91681e-07,5.916855e-07,2.3045743e-09,1.0351522e-07,1.0351971e-07,21.201508
0.3524060845,0.9341084957,-0.0,4.2015654e-07,4.2015654e-07,-1.0943211e-09,5.1242483e-07,5.1242597e-07,1.0943211e-09,9.2268294e-08,9.226943e-08,21.955502
0.3524060845,0.9263566136,-0.0,3.674265e-07,3.674265e-07,-2.9801583e-09,4.450386e-07,4.4504858e-07,2.9801583e-09,7.76121e-08,7.7622076e-08,21.120132
0.3524060845,0.918604672,-0.0,3.2527046e-07,3.2527046e-07,1.905235e-09,3.884061e-07,3.884108e-07,1.905235e-09,6.3135644e-08,6.3140334e-08,19.405676
0.3524060845,0.9108527303,-0.0,2.9105948e-07,2.9105948e-07,9.5710107e-11,3.4240128e-07,3.4240128e-07,9.5710107e-11,5.13418e-08,5.13418e-08,17.633566
0.3524060845,0.9031007886,-0.0,2.6278124e-07,2.6278124e-07,-1.676213e-09,3.0031885e-07,3.0032353e-07,1.676213e-09,3.7537603e-08,3.7542293e-08,14.281085
0.3524060845,0.8953488469,-0.0,2.3911065e-07,2.3911065e-07,1.0852119e-09,2.6955743e-07,2.6955962e-07,1.0852119e-09,3.0446785e-08,3.0448973e-08,12.728938
0.3524060845,0.8875969052,-0.0,2.19048e-07,2.19048e-07,3.3718095e-09,2.426436e-07,2.4266703e-07,3.3718095e-09,2.3595604e-08,2.3619023e-08,10.777658
0.3524060845,0.8798449636,-0.0,2.0186936e-07,2.0186936e-07,4.7113957e-09,2.1813116e-07,2.1818204e-07,4.7113957e-09,1.6261808e-08,1.6312683e-08,8.076811
0.3524060845,0.8720930219,-0.0,1.8701964e-07,1.8701964e-07,5.5785137e-09,1.949065e-07,1.9498633e-07,5.5785137e-09,7.886868e-09,7.96669e-09,4.2575383
0.3524060845,0.8643410802,-0.0,1.740747e-07,1.740747e-07,5.795215e-09,1.7394258e-07,1.7403909e-07,5.795215e-09,1.3211832e-10,3.5612402e-11,0.02044637
0.3524060845,0.8565891385,-0.0,1.6270192e-07,1.6270192e-07,2.4899265e-09,1.5632766e-07,1.5634748e-07,2.4899265e-09,6.3742647e-09,6.3544405e-09,3.9031727
0.3524060845,0.8488371968,-0.0,1.52639e-07,1.52639e-07,1.3135093e-10,1.4131042e-07,1.4131048e-07,1.3135093e-10,1.1328581e-08,1.1328524e-08,7.416916
0.3524060845,0.8410852551,-0.0,1.4367592e-07,1.4367592e-07,-3.03487e-10,1.311136e-07,1.3111394e-07,3.03487e-10,1.25623245e-08,1.25619835e-08,8.737196
0.3524060845,0.8333333135,-0.0,1.3564336e-07,1.3564336e-07,-6.023271e-10,1.2235309e-07,1.2235456e-07,6.023271e-10,1.32902755e-08,1.3288798e-08,9.789648
0.3524060845,0.8255813718,-0.0,1.2840337e-07,1.2840337e-07,-8.9752916e-10,1.14557466e-07,1.1456098e-07,8.9752916e-10,1.3845906e-08,1.3842389e-08,10.772004
0.3524060845,0.8178294301,-0.0,1.2184287e-07,1.2184287e-07,-1.0958132e-09,1.07725675e-07,1.0773125e-07,1.0958132e-09,1.4117198e-08,1.411162e-08,11.57232
0.3524060845,0.810077548,-0.0,1.158683e-07,1.158683e-07,-1.1102088e-09,1.0230563e-07,1.0231165e-07,1.1102088e-09,1.3562676e-08,1.3556651e-08,11.689961
0.3524060845,0.8023256063,-0.0,1.1040199e-07,1.1040199e-07,-5.1966254e-10,9.846864e-08,9.847001e-08,5.1966254e-10,1.1933352e-08,1.1931981e-08,10.797977
0.3524060845,0.7945736647,-0.0,1.05378795e-07,1.05378795e-07,1.1057466e-10,9.472716e-08,9.472723e-08,1.1057466e-10,1.06516325e-08,1.06515685e-08,10.098303
0.3524060845,0.786821723,-0.0,1.00743925e-07,1.00743925e-07,8.1801943e-10,9.1177924e-08,9.11816e-08,8.1801943e-10,9.566001e-09,9.562328e-09,9.482304
0.3524060845,0.7790697813,-0.0,9.6451124e-08,9.6451124e-08,1.580645e-09,8.75568e-08,8.757107e-08,1.580645e-09,8.894325e-09,8.880058e-09,9.197259
0.3524060845,0.7713178396,-0.0,9.2461036e-08,9.2461036e-08,2.3565434e-09,8.389377e-08,8.392686e-08,2.3565434e-09,8.56727e-09,8.53418e-09,9.220057
0.3524060845,0.7635658979,-0.0,8.873999e-08,8.873999e-08,3.1201495e-09,8.027011e-08,8.033073e-08,3.1201495e-09,8.4698755e-09,8.409259e-09,9.465624
0.3524060845,0.7558139563,-0.0,8.5259096e-08,8.5259096e-08,3.8666172e-09,7.6759534e-08,7.685686e-08,3.8666172e-09,8.499562e-09,8.402239e-09,9.843402
0.3524060845,0.7480620146,-0.0,8.199353e-08,8.199353e-08,4.607685e-09,7.333517e-08,7.347978e-08,4.607685e-09,8.658354e-09,8.513744e-09,10.370787
0.3524060845,0.7403100729,-0.0,7.8921694e-08,7.8921694e-08,5.3478573e-09,6.9958546e-08,7.0162656e-08,5.3478573e-09,8.9631484e-09,8.759038e-09,11.084345
0.3524060845,0.7325581312,-0.0,7.6024904e-08,7.6024904e-08,6.0325362e-09,6.682393e-08,6.709567e-08,6.0325362e-09,9.200974e-09,8.929234e-09,11.729714
0.3524060845,0.7248061895,-0.0,7.3286756e-08,7.3286756e-08,6.6866335e-09,6.3900615e-08,6.424951e-08,6.6866335e-09,9.386142e-09,9.037244e-09,12.314544
0.3524060845,0.7170542479,-0.0,7.069295e-08,7.069295e-08,7.309893e-09,6.1232655e-08,6.1667436e-08,7.309893e-09,9.460294e-09,9.025513e-09,12.749169
0.3524060845,0.7093023062,-0.0,6.82309e-08,6.82309e-08,7.934915e-09,5.8541794e-08,5.9077106e-08,7.934915e-09,9.689103e-09,9.153791e-09,13.396269
0.3524060845,0.7015503645,-0.0,6.5889445e-08,6.5889445e-08,8.5939575e-09,5.567931e-08,5.633863e-08,8.5939575e-09,1.0210137e-08,9.5508135e-09,14.473243
0.3524060845,0.6937984228,-0.0,6.365878e-08,6.365878e-08,9.276462e-09,5.274927e-08,5.355874e-08,9.276462e-09,1.090951e-08,1.0100042e-08,15.841021
0.3524060845,0.6860464811,-0.0,6.153008e-08,6.153008e-08,9.703328e-09,5.041666e-08,5.134193e-08,9.703328e-09,1.1113421e-08,1.0188149e-08,16.53113
0.3524060845,0.6782945991,-0.0,5.9495594e-08,5.9495594e-08,9.912014e-09,4.867989e-08,4.9678764e-08,9.912014e-09,1.0815704e-08,9.81683e-09,16.47241
0.3524060845,0.6705426574,-0.0,5.7548277e-08,5.7548277e-08,1.0075837e-08,4.7051685e-08,4.811843e-08,1.0075837e-08,1.0496592e-08,9.429847e-09,16.357552
0.3524060845,0.6627907157,-0.0,5.5681845e-08,5.5681845e-08,1.0231091e-08,4.5407166e-08,4.6545527e-08,1.0231091e-08,1.0274679e-08,9.136318e-09,16.37866
0.3524060845,0.655038774,-0.0,5.389069e-08,5.389069e-08,1.0394388e-08,4.3793484e-08,4.501014e-08,1.0394388e-08,1.0097207e-08,8.880551e-09,16.448301
0.3524060845,0.6472868323,-0.0,5.2169653e-08,5.2169653e-08,1.0544639e-08,4.2265192e-08,4.3560714e-08,1.0544639e-08,9.904461e-09,8.608939e-09,16.470243
0.3524060845,0.6395348907,-0.0,5.0514146e-08,5.0514146e-08,1.06856675e-08,4.081981e-08,4.2195264e-08,1.06856675e-08,9.694336e-09,8.318882e-09,16.435883
0.3524060845,0.631782949,-0.0,4.8919972e-08,4.8919972e-08,1.0827122e-08,3.9421856e-08,4.088165e-08,1.0827122e-08,9.498116e-09,8.038324e-09,16.39806
0.3524060845,0.6240310073,-0.0,4.7383335e-08,4.7383335e-08,1.0967213e-08,3.8065455e-08,3.961387e-08,1.0967213e-08,9.31788e-09,7.769465e-09,16.36251
0.3524060845,0.6162790656,-0.0,4.5900748e-08,4.5900748e-08,1.11017755e-08,3.6738236e-08,3.8378996e-08,1.11017755e-08,9.1625125e-09,7.521752e-09,16.35137
0.3524060845,0.6085271239,-0.0,4.4469022e-08,4.4469022e-08,1.1246669e-08,3.5394848e-08,3.7138697e-08,1.1246669e-08,9.074174e-09,7.330325e-09,16.44713
0.3524060845,0.6007751822,-0.0,4.3085247e-08,4.3085247e-08,1.1353407e-08,3.402765e-08,3.587173e-08,1.1353407e-08,9.057597e-09,7.2135187e-09,16.703665
0.3524060845,0.5930232406,-0.0,4.1746766e-08,4.1746766e-08,1.1436313e-08,3.2648693e-08,3.4593736e-08,1.1436313e-08,9.098073e-09,7.15303e-09,17.09339
0.3524060845,0.5852712989,-0.0,4.045112e-08,4.045112e-08,1.1523667e-08,3.129557e-08,3.3349778e-08,1.1523667e-08,9.155549e-09,7.1013417e-09,17.512074
0.3524060845,0.5775193572,-0.0,3.9196046e-08,3.9196046e-08,1.161051e-08,2.9980495e-08,3.215018e-08,1.161051e-08,9.215551e-09,7.045866e-09,17.930218
0.3524060845,0.5697674155,-0.0,3.7979447e-08,3.7979447e-08,1.1690105e-08,2.872714e-08,3.101463e-08,1.1690105e-08,9.252307e-09,6.964818e-09,18.29023
0.3524060845,0.5620155334,-0.0,3.6799406e-08,3.6799406e-08,1.176717e-08,2.751149e-08,2.9922372e-08,1.176717e-08,9.287916e-09,6.877034e-09,18.637249
0.3524060845,0.5542635918,-0.0,3.5654168e-08,3.5654168e-08,1.1836775e-08,2.6351575e-08,2.888797e-08,1.1836775e-08,9.3025925e-09,6.7661983e-09,18.924223
0.3524060845,0.5465116501,-0.0,3.4542023e-08,3.4542023e-08,1.1892141e-08,2.525595e-08,2.7915695e-08,1.1892141e-08,9.286072e-09,6.626328e-09,19.128006
0.3524060845,0.5387597084,-0.0,3.3461433e-08,3.3461433e-08,1.1931604e-08,2.4173406e-08,2.6957686e-08,1.1931604e-08,9.288026e-09,6.503747e-09,19.378633
0.3524060845,0.5310077667,-0.0,3.2410984e-08,3.2410984e-08,1.1959074e-08,2.311437e-08,2.6024864e-08,1.1959074e-08,9.296613e-09,6.38612e-09,19.642962
0.3524060845,0.523255825,-0.0,3.1389337e-08,3.1389337e-08,1.1979694e-08,2.2055389e-08,2.5098869e-08,1.1979694e-08,9.333949e-09,6.2904686e-09,19.976503
0.3524060845,0.5155038834,-0.0,3.039525e-08,3.039525e-08,1.1968737e-08,2.099701e-08,2.4168681e-08,1.1968737e-08,9.398239e-09,6.2265677e-09,20.418158
0.3524060845,0.5077519417,-0.0,2.9427538e-08,2.9427538e-08,1.193159e-08,1.9920737e-08,2.322065e-08,1.193159e-08,9.506801e-09,6.2068874e-09,21.020674
0.3524060845,0.5,-0.0,2.8485111e-08,2.8485111e-08,1.19187575e-08,1.8820128e-08,2.227676e-08,1.19187575e-08,9.6649835e-09,6.208351e-09,21.718828
0.3524060845,0.4922480583,-0.0,2.7566944e-08,2.7566944e-08,1.1629723e-08,1.8269404e-08,2.1656906e-08,1.1629723e-08,9.2975405e-09,5.9100387e-09,21.361372
0.3524060845,0.4844961166,-0.0,2.667207e-08,2.667207e-08,1.1350693e-08,1.786228e-08,2.116363e-08,1.1350693e-08,8.80979e-09,5.50844e-09,20.575323
0.3524060845,0.476744175,-0.0,2.5799572e-08,2.5799572e-08,1.1086954e-08,1.7470647e-08,2.0691642e-08,1.1086954e-08,8.328925e-09,5.10793e-09,19.722065
0.3524060845,0.4689922333,-0.0,2.4948596e-08,2.4948596e-08,1.0847444e-08,1.7114772e-08,2.0262833e-08,1.0847444e-08,7.833824e-09,4.685763e-09,18.706688
0.3524060845,0.4612403214,-0.0,2.411834e-08,2.411834e-08,1.0619885e-08,1.6764574e-08,1.9845224e-08,1.0619885e-08,7.3537656e-09,4.273115e-09,17.64413
0.3524060845,0.4534883797,-0.0,2.3308017e-08,2.3308017e-08,1.0407518e-08,1.6427173e-08,1.9446553e-08,1.0407518e-08,6.8808443e-09,3.861464e-09,16.496332
0.3524060845,0.445736438,-0.0,2.25169e-08,2.25169e-08,1.0204161e-08,1.6101161e-08,1.9062327e-08,1.0204161e-08,6.415739e-09,3.4545735e-09,15.274302
0.3524060845,0.4379844964,-0.0,2.1744311e-08,2.1744311e-08,1.0005039e-08,1.5784082e-08,1.8687912e-08,1.0005039e-08,5.9602296e-09,3.0563996e-09,13.991741
0.3524060845,0.4302325547,-0.0,2.0989589e-08,2.0989589e-08,9.812595e-09,1.5477674e-08,1.8326086e-08,9.812595e-09,5.5119145e-09,2.6635032e-09,12.62947
0.3524060845,0.422480613,-0.0,2.0252111e-08,2.0252111e-08,9.6336095e-09,1.5187084e-08,1.7984824e-08,9.6336095e-09,5.0650275e-09,2.2672868e-09,11.140303
0.3524060845,0.4147286713,-0.0,1.9531281e-08,1.9531281e-08,9.46838e-09,1.4910327e-08,1.7662618e-08,9.46838e-09,4.6209543e-09,1.8686634e-09,9.5188055
0.3524060845,0.4069767594,-0.0,1.8826537e-08,1.8826537e-08,9.314306e-09,1.4644726e-08,1.7355815e-08,9.314306e-09,4.1818105e-09,1.4707222e-09,7.770689
0.3524060845,0.3992248178,-0.0,1.813735e-08,1.813735e-08,9.16431e-09,1.43839e-08,1.7055239e-08,9.16431e-09,3.753449e-09,1.0821104e-09,5.933485
0.3524060845,0.3914728761,-0.0,1.7463194e-08,1.7463194e-08,9.017924e-09,1.4129142e-08,1.676173e-08,9.017924e-09,3.3340513e-09,7.014638e-10,3.993942
0.3524060845,0.3837209344,-0.0,1.6803588e-08,1.6803588e-08,8.873428e-09,1.3878299e-08,1.647255e-08,8.873428e-09,2.9252885e-09,3.310383e-10,1.9583908
0.3524060845,0.3759689927,-0.0,1.6158069e-08,1.6158069e-08,8.72528e-09,1.3624891e-08,1.6179252e-08,8.72528e-09,2.5331772e-09,2.1183055e-11,0.13029256
0.3524060845,0.368217051,-0.0,1.5526199e-08,1.5526199e-08,8.552647e-09,1.33636675e-08,1.586617e-08,8.552647e-09,2.1625315e-09,3.399716e-10,2.1756513
0.3524060845,0.3604651093,-0.0,1.490756e-08,1.490756e-08,8.37629e-09,1.3102806e-08,1.5551391e-08,8.37629e-09,1.8047537e-09,6.4383165e-10,4.290049
0.3524060845,0.3527131677,-0.0,1.43017616e-08,1.43017616e-08,8.198697e-09,1.2843245e-08,1.5237045e-08,8.198697e-09,1.4585169e-09,9.352839e-10,6.494232
0.3524060845,0.344961226,-0.0,1.370843e-08,1.370843e-08,8.034959e-09,1.2605938e-08,1.494892e-08,8.034959e-09,1.1024923e-09,1.2404904e-09,8.983573
0.3524060845,0.3372093141,-0.0,1.31272255e-08,1.31272255e-08,7.887564e-09,1.2404527e-08,1.4699863e-08,7.887564e-09,7.2269835e-10,1.5726371e-09,11.889396
0.3524060845,0.3294573724,-0.0,1.2557816e-08,1.2557816e-08,7.747076e-09,1.2237422e-08,1.4483496e-08,7.747076e-09,3.2039438e-10,1.92568e-09,15.213367
0.3524060845,0.3217054307,-0.0,1.1999902e-08,1.1999902e-08,7.575451e-09,1.2078466e-08,1.4257518e-08,7.575451e-09,7.856382e-11,2.2576154e-09,18.658129
0.3524060845,0.3139534891,-0.0,1.1453211e-08,1.1453211e-08,7.4112165e-09,1.1934603e-08,1.4048519e-08,7.4112165e-09,4.813918e-10,2.595308e-09,22.463953
0.3524060845,0.3062015474,-0.0,1.0917492e-08,1.0917492e-08,7.252382e-09,1.1799919e-08,1.3850456e-08,7.252382e-09,8.8242746e-10,2.932964e-09,26.620977
0.3524060845,0.2984496057,-0.0,1.0392524e-08,1.0392524e-08,7.0980803e-09,1.1669705e-08,1.36588705e-08,7.0980803e-09,1.277181e-09,3.2663463e-09,31.130222
0.3524060845,0.290697664,-0.0,9.878115e-09,9.878115e-09,6.948909e-09,1.15445715e-08,1.3474586e-08,6.948909e-09,1.6664563e-09,3.5964707e-09,36.043587
0.3524060845,0.2829457521,-0.0,9.374102e-09,9.374102e-09,6.8028925e-09,1.1424589e-08,1.3296638e-08,6.8028925e-09,2.050487e-09,3.922535e-09,41.40271
0.3524060845,0.2751938105,-0.0,8.880349e-09,8.880349e-09,6.6588512e-09,1.1309972e-08,1.3124624e-08,6.6588512e-09,2.4296227e-09,4.244275e-09,47.261806
0.3524060845,0.2674418688,-0.0,8.396733e-09,8.396733e-09,6.5156343e-09,1.1199482e-08,1.2956924e-08,6.5156343e-09,2.8027491e-09,4.5601913e-09,53.669937
0.3524060845,0.2596899271,-0.0,7.923166e-09,7.923166e-09,6.373483e-09,1.1091188e-08,1.2792019e-08,6.373483e-09,3.1680223e-09,4.868853e-09,60.684937
0.3524060845,0.2519379854,-0.0,7.459587e-09,7.459587e-09,6.23686e-09,1.0988117e-08,1.263476e-08,6.23686e-09,3.5285304e-09,5.175173e-09,68.45841
0.3524060845,0.2441860437,-0.0,7.0060024e-09,7.0060024e-09,6.1338454e-09,1.0930613e-08,1.2534048e-08,6.1338454e-09,3.9246104e-09,5.528045e-09,77.79402
0.3524060845,0.2364341021,-0.0,6.562515e-09,6.562515e-09,6.034938e-09,1.0877102e-08,1.2439124e-08,6.034938e-09,4.314587e-09,5.8766094e-09,88.20407
0.3524060845,0.2286821753,-0.0,6.1291128e-09,6.1291128e-09,5.9391994e-09,1.0825133e-08,1.2347372e-08,5.9391994e-09,4.69602e-09,6.2182592e-09,99.82576
0.3524060845,0.2209302336,-0.0,5.70598e-09,5.70598e-09,5.844015e-09,1.0768758e-08,1.22522925e-08,5.844015e-09,5.062778e-09,6.5463124e-09,112.751205
0.3524060845,0.2131782919,-0.0,5.293298e-09,5.293298e-09,5.749385e-09,1.07080425e-08,1.21539125e-08,5.749385e-09,5.4147447e-09,6.8606147e-09,127.2063
0.3524060845,0.2054263651,-0.0,4.8915836e-09,4.8915836e-09,5.655963e-09,1.0645266e-08,1.2054526e-08,5.655963e-09,5.7536824e-09,7.1629427e-09,143.50041
0.3524060845,0.1976744235,-0.0,4.5012354e-09,4.5012354e-09,5.5646865e-09,1.0583911e-08,1.19576296e-08,5.5646865e-09,6.0826753e-09,7.456395e-09,162.05202
0.3524060845,0.1899224818,-0.0,4.123023e-09,4.123023e-09,5.4756697e-09,1.0524104e-08,1.1863378e-08,5.4756697e-09,6.4010814e-09,7.740355e-09,183.28944
0.3524060845,0.1821705401,-0.0,3.7563974e-09,3.7563974e-09,5.3883014e-09,1.0464483e-08,1.1770267e-08,5.3883014e-09,6.708085e-09,8.0138705e-09,207.80717
0.3524060845,0.1744185984,-0.0,3.3971397e-09,3.3971397e-09,5.3024536e-09,1.0404861e-08,1.1678063e-08,5.3024536e-09,7.0077215e-09,8.2809235e-09,236.79134
0.3524060845,0.1666666716,-0.0,3.0499365e-09,3.0499365e-09,5.2188227e-09,1.034681e-08,1.1588467e-08,5.2188227e-09,7.2968733e-09,8.538531e-09,271.06992
0.3524060845,0.15891473,-0.0,2.7180354e-09,2.7180354e-09,5.1372666e-09,1.0290243e-08,1.1501331e-08,5.1372666e-09,7.572208e-09,8.783296e-09,311.68155
0.3524060845,0.1511627883,-0.0,2.4044633e-09,2.4044633e-09,5.0578137e-09,1.0235119e-08,1.1416617e-08,5.0578137e-09,7.830656e-09,9.012154e-09,359.8437
0.3524060845,0.1434108615,-0.0,2.1027629e-09,2.1027629e-09,4.9802225e-09,1.0181218e-08,1.1334011e-08,4.9802225e-09,8.078455e-09,9.231249e-09,419.0759
0.3524060845,0.1356589198,-0.0,1.8154566e-09,1.8154566e-09,4.9029865e-09,1.0128204e-08,1.12525465e-08,4.9029865e-09,8.312748e-09,9.43709e-09,492.68103
0.3524060845,0.1279069781,-0.0,1.5436926e-09,1.5436926e-09,4.8240736e-09,1.0082275e-08,1.1176938e-08,4.8240736e-09,8.538582e-09,9.633245e-09,586.07336
0.3524060845,0.1201550364,-0.0,1.2888335e-09,1.2888335e-09,4.745999e-09,1.0036217e-08,1.1101809e-08,4.745999e-09,8.747383e-09,9.812975e-09,706.5624
0.3524060845,0.1124031022,-0.0,1.0516613e-09,1.0516613e-09,4.669886e-09,9.991261e-09,1.10287415e-08,4.669886e-09,8.9396e-09,9.9770805e-09,866.32074
0.3524060845,0.104651168,-0.0,8.332421e-10,8.332421e-10,4.595634e-09,9.94735e-09,1.0957629e-08,4.595634e-09,9.114108e-09,1.0124387e-08,1084.8618
0.3524060845,0.09689922631,-0.0,6.345949e-10,6.345949e-10,4.523173e-09,9.904312e-09,1.0888273e-08,4.523173e-09,9.269717e-09,1.0253679e-08,1395.8276
0.3524060845,0.08914728463,-0.0,4.5696433e-10,4.5696433e-10,4.4526445e-09,9.861878e-09,1.0820475e-08,4.4526445e-09,9.404914e-09,1.0363511e-08,1860.7137
0.3524060845,0.0813953504,-0.0,3.0084074e-10,3.0084074e-10,4.386095e-09,9.821264e-09,1.0756163e-08,4.386095e-09,9.520423e-09,1.0455322e-08,2608.348
0.3524060845,0.07364341617,-0.0,1.695268e-10,1.695268e-10,4.324008e-09,9.781246e-09,1.0694382e-08,4.324008e-09,9.611719e-09,1.0524856e-08,3904.9387
0.3524060845,0.06589147449,-0.0,6.101276e-11,6.101276e-11,4.2703334e-09,9.75043e-09,1.0644559e-08,4.2703334e-09,9.689417e-09,1.05835465e-08,6573.1104
0.3524060845,0.0581395328,-0.0,-2.4402863e-11,2.4402863e-11,4.2141437e-09,9.7147606e-09,1.0589409e-08,4.2141437e-09,9.739163e-09,1.0565007e-08,8492.575
0.3524060845,0.05038759857,-0.0,-8.017135e-11,8.017135e-11,4.1533355e-09,9.669009e-09,1.0523304e-08,4.1533355e-09,9.74918e-09,1.0443133e-08,5796.223
0.3524060845,0.04263565689,-0.0,-1.11848086e-10,1.11848086e-10,4.095355e-09,9.625786e-09,1.0460769e-08,4.095355e-09,9.737635e-09,1.0348921e-08,4885.067
0.3524060845,0.03488372266,-0.0,-1.2307537e-10,1.2307537e-10,4.0388954e-09,9.584788e-09,1.0401002e-08,4.0388954e-09,9.707864e-09,1.0277926e-08,4607.3784
0.3524060845,0.02713178284,-0.0,-1.06722624e-10,1.06722624e-10,3.9853205e-09,9.557226e-09,1.0354871e-08,3.9853205e-09,9.663949e-09,1.0248148e-08,4957.439
0.3524060845,0.01937984489,-0.0,-7.350681e-11,7.350681e-11,3.8824055e-09,9.425342e-09,1.0193633e-08,3.8824055e-09,9.498849e-09,1.0120126e-08,5832.6963
0.3524060845,0.01162790693,-0.0,-3.783062e-11,3.783062e-11,3.815657e-09,9.147385e-09,9.911301e-09,3.815657e-09,9.185215e-09,9.873471e-09,7163.4814
0.3524060845,0.003875968978,-0.0,-1.5752399e-12,1.5752399e-12,3.7226329e-09,8.464951e-09,9.247345e-09,3.7226329e-09,8.466527e-09,9.2457695e-09,9102.385
0.3562820554,0.0,1.5564655e-12,-0.0,1.5564655e-12,3.0116354e-09,7.068145e-09,7.683009e-09,3.0100789e-09,7.068145e-09,7.681453e-09,7563.726
0.3640339971,0.0,3.7800693e-11,-0.0,3.7800693e-11,-4.5893955e-10,5.013227e-09,5.0341904e-09,4.9674026e-10,5.013227e-09,4.9963895e-09,3625.8086
0.3717859387,0.0,7.340682e-11,-0.0,7.340682e-11,-4.6754565e-09,3.2004905e-09,5.665954e-09,4.748863e-09,3.2004905e-09,5.5925473e-09,3225.1023
0.3795378506,0.0,1.0638495e-10,-0.0,1.0638495e-10,-5.5929092e-09,3.1189984e-09,6.40381e-09,5.6992944e-09,3.1189984e-09,6.297425e-09,3051.3005
0.3872897923,0.0,1.2232271e-10,-0.0,1.2232271e-10,-5.747509e-09,3.3000447e-09,6.62753e-09,5.8698317e-09,3.3000447e-09,6.5052075e-09,2926.0203
0.395041734,0.0,1.1058159e-10,-0.0,1.1058159e-10,-6.028486e-09,3.330328e-09,6.8872152e-09,6.139068e-09,3.330328e-09,6.7766335e-09,3218.056
0.4027936757,0.0,7.8396276e-11,-0.0,7.8396276e-11,-6.3454166e-09,3.3428407e-09,7.172092e-09,6.423813e-09,3.3428407e-09,7.0936954e-09,3976.3699
0.4105456173,0.0,2.205465e-11,-0.0,2.205465e-11,-6.680395e-09,3.344283e-09,7.470736e-09,6.7024497e-09,3.344283e-09,7.4486812e-09,6102.743
0.418297559,0.0,-6.325969e-11,-0.0,6.325969e-11,-7.009504e-09,3.343665e-09,7.76616e-09,6.9462445e-09,3.343665e-09,7.7029005e-09,4718.189
0.4260495007,0.0,-1.7086099e-10,-0.0,1.7086099e-10,-7.318704e-09,3.3321967e-09,8.041577e-09,7.1478428e-09,3.3321967e-09,7.8707165e-09,2905.814
0.4338014126,0.0,-3.0043865e-10,-0.0,3.0043865e-10,-7.600221e-09,3.309168e-09,8.289388e-09,7.299782e-09,3.309168e-09,7.988949e-09,1995.0494
0.4415533543,0.0,-4.530708e-10,-0.0,4.530708e-10,-7.861516e-09,3.2774352e-09,8.517336e-09,7.408445e-09,3.2774352e-09,8.064266e-09,1458.0891
0.4493052959,0.0,-6.2526606e-10,-0.0,6.2526606e-10,-8.116714e-09,3.2465195e-09,8.741907e-09,7.491448e-09,3.2465195e-09,8.116641e-09,1119.1259
0.4570572376,0.0,-8.1595886e-10,-0.0,8.1595886e-10,-8.376233e-09,3.2177212e-09,8.973015e-09,7.560274e-09,3.2177212e-09,8.157056e-09,890.54834
0.4648091793,0.0,-1.0234225e-09,-0.0,1.0234225e-09,-8.648158e-09,3.1948204e-09,9.219409e-09,7.6247355e-09,3.1948204e-09,8.195987e-09,729.55524
0.472561121,0.0,-1.24609e-09,-0.0,1.24609e-09,-8.946401e-09,3.1998653e-09,9.5014325e-09,7.700311e-09,3.1998653e-09,8.255342e-09,613.2831
0.4803130627,0.0,-1.4823983e-09,-0.0,1.4823983e-09,-9.255771e-09,3.2241232e-09,9.801238e-09,7.773373e-09,3.2241232e-09,8.31884e-09,525.7109
0.4880650043,0.0,-1.7309588e-09,-0.0,1.7309588e-09,-9.559017e-09,3.232529e-09,1.00907895e-08,7.828058e-09,3.232529e-09,8.359831e-09,456.58212
0.495816946,0.0,-1.9897524e-09,-0.0,1.9897524e-09,-9.806499e-09,3.2314489e-09,1.0325197e-08,7.816746e-09,3.2314489e-09,8.335444e-09,398.87234
0.5035688877,0.0,-2.256522e-09,-0.0,2.256522e-09,-9.998658e-09,3.2073402e-09,1.0500485e-08,7.742136e-09,3.2073402e-09,8.243963e-09,349.83603
0.5113208294,0.0,-2.531936e-09,-0.0,2.531936e-09,-1.0167639e-08,3.1390357e-09,1.0641167e-08,7.635704e-09,3.1390357e-09,8.109231e-09,308.10895
0.5190727711,0.0,-2.8179414e-09,-0.0,2.8179414e-09,-1.0318416e-08,3.0318859e-09,1.0754629e-08,7.500475e-09,3.0318859e-09,7.936688e-09,271.99612
0.5268247128,0.0,-3.1102438e-09,-2.7972416e-17,3.1102438e-09,-1.0447621e-08,2.928246e-09,1.08502265e-08,7.337378e-09,2.928246e-09,7.739983e-09,241.10265
0.5345765948,0.0,-3.4053944e-09,-0.0,3.4053944e-09,-1.056253e-08,2.8462281e-09,1.09392895e-08,7.157136e-09,2.8462281e-09,7.533895e-09,214.9229
0.5423285365,0.0,-3.700744e-09,-0.0,3.700744e-09,-1.0691039e-08,2.7568845e-09,1.1040776e-08,6.9902955e-09,2.7568845e-09,7.3400326e-09,193.12096
0.5500804782,0.0,-4.0005106e-09,-0.0,4.0005106e-09,-1.0827549e-08,2.6651605e-09,1.11507354e-08,6.827038e-09,2.6651605e-09,7.150225e-09,174.37402
0.5578324199,0.0,-4.302736e-09,-0.0,4.302736e-09,-1.0961443e-08,2.5761864e-09,1.1260106e-08,6.6587074e-09,2.5761864e-09,6.95737e-09,158.02377
0.5655843616,0.0,-4.6062985e-09,-0.0,4.6062985e-09,-1.1082477e-08,2.492392e-09,1.1359283e-08,6.4761787e-09,2.492392e-09,6.752985e-09,143.48825
0.5733363032,0.0,-4.910124e-09,-0.0,4.910124e-09,-1.1172389e-08,2.4219915e-09,1.14319e-08,6.2622654e-09,2.4219915e-09,6.521776e-09,130.17195
0.5810882449,0.0,-5.2134754e-09,-0.0,5.2134754e-09,-1.1229716e-08,2.3649847e-09,1.1476048e-08,6.0162404e-09,2.3649847e-09,6.2625722e-09,117.862076
0.5888401866,0.0,-5.515751e-09,-0.0,5.515751e-09,-1.1268298e-08,2.315474e-09,1.1503737e-08,5.7525473e-09,2.315474e-09,5.9879857e-09,106.62841
0.5965921283,0.0,-5.8162857e-09,-0.0,5.8162857e-09,-1.1305033e-08,2.2660558e-09,1.1529909e-08,5.4887477e-09,2.2660558e-09,5.713623e-09,96.57449
0.60434407,0.0,-6.1144827e-09,-0.0,6.1144827e-09,-1.13431895e-08,2.2171633e-09,1.1557844e-08,5.228707e-09,2.2171633e-09,5.443361e-09,87.59154
0.6120960116,0.0,-6.40983e-09,-0.0,6.40983e-09,-1.1379242e-08,2.172328e-09,1.15847385e-08,4.9694124e-09,2.172328e-09,5.1749085e-09,79.49375
0.6198479533,0.0,-6.701849e-09,-0.0,6.701849e-09,-1.14145e-08,2.1311521e-09,1.16117445e-08,4.7126507e-09,2.1311521e-09,4.9098956e-09,72.18472
0.627599895,0.0,-6.9900588e-09,-0.0,6.9900588e-09,-1.1449757e-08,2.0913618e-09,1.1639189e-08,4.459698e-09,2.0913618e-09,4.6491304e-09,65.572525
0.6353518367,0.0,-7.2740054e-09,-0.0,7.2740054e-09,-1.148409e-08,2.0465762e-09,1.16650245e-08,4.2100847e-09,2.0465762e-09,4.391019e-09,59.54727
0.6431037784,0.0,-7.553267e-09,-0.0,7.553267e-09,-1.151804e-08,1.998579e-09,1.16901475e-08,3.9647725e-09,1.998579e-09,4.13688e-09,54.05378
0.6508556604,0.0,-7.827448e-09,-0.0,7.827448e-09,-1.1551208e-08,1.9545254e-09,1.1715399e-08,3.72376e-09,1.9545254e-09,3.8879513e-09,49.04417
0.6586076021,0.0,-8.096169e-09,-0.0,8.096169e-09,-1.16283445e-08,1.8917135e-09,1.17812125e-08,3.5321754e-09,1.8917135e-09,3.6850434e-09,44.96056
0.6663595438,0.0,-8.359057e-09,-0.0,8.359057e-09,-1.1731245e-08,1.8192949e-09,1.1871476e-08,3.3721888e-09,1.8192949e-09,3.5124197e-09,41.522594
0.6741114855,0.0,-8.615769e-09,-0.0,8.615769e-09,-1.1832171e-08,1.7488802e-09,1.1960721e-08,3.2164014e-09,1.7488802e-09,3.3449519e-09,38.37816
0.6818634272,0.0,-8.865981e-09,-0.0,8.865981e-09,-1.1931704e-08,1.6784512e-09,1.204918e-08,3.0657228e-09,1.6784512e-09,3.1831995e-09,35.503082
0.6896153688,0.0,-9.109369e-09,-0.0,9.109369e-09,-1.2027613e-08,1.6098554e-09,1.2134872e-08,2.9182434e-09,1.6098554e-09,3.0255025e-09,32.85244
0.6973673105,0.0,-9.345631e-09,-0.0,9.345631e-09,-1.2113247e-08,1.5495374e-09,1.2211954e-08,2.7676164e-09,1.5495374e-09,2.8663232e-09,30.345491
0.7051192522,0.0,-9.5744594e-09,-0.0,9.5744594e-09,-1.2183349e-08,1.500247e-09,1.2275371e-08,2.60889e-09,1.500247e-09,2.7009115e-09,27.91796
0.7128711939,0.0,-9.795567e-09,-0.0,9.795567e-09,-1.2239028e-08,1.4557742e-09,1.2325302e-08,2.4434605e-09,1.4557742e-09,2.5297346e-09,25.564322
0.7206231356,0.0,-1.0008668e-08,-0.0,1.0008668e-08,-1.2278036e-08,1.4128574e-09,1.2359059e-08,2.2693687e-09,1.4128574e-09,2.350391e-09,23.251244
0.7283750772,0.0,-1.0213483e-08,-0.0,1.0213483e-08,-1.2299552e-08,1.3720864e-09,1.2375847e-08,2.0860682e-09,1.3720864e-09,2.1623636e-09,20.966375
0.7361270189,0.0,-1.0409737e-08,-0.0,1.0409737e-08,-1.23072965e-08,1.3201742e-09,1.23779e-08,1.8975594e-09,1.3201742e-09,1.9681625e-09,18.727037
0.7438789606,0.0,-1.059716e-08,-0.0,1.059716e-08,-1.2293981e-08,1.2622081e-09,1.2358606e-08,1.6968214e-09,1.2622081e-09,1.7614461e-09,16.466484
0.7516309023,0.0,-1.0775481e-08,-0.0,1.0775481e-08,-1.2248108e-08,1.2124346e-09,1.2307971e-08,1.4726274e-09,1.2124346e-09,1.5324897e-09,14.091237
0.759382844,0.0,-1.0944443e-08,-0.0,1.0944443e-08,-1.216894e-08,1.1702284e-09,1.2225078e-08,1.224497e-09,1.1702284e-09,1.2806352e-09,11.59529
0.7671347857,0.0,-1.1103785e-08,-0.0,1.1103785e-08,-1.20671615e-08,1.1304522e-09,1.2119997e-08,9.633769e-10,1.1304522e-09,1.016212e-09,9.070256
0.7748867273,0.0,-1.1253251e-08,-0.0,1.1253251e-08,-1.1958136e-08,1.0879333e-09,1.2007523e-08,7.0488504e-10,1.0879333e-09,7.542722e-10,6.6436677
0.7826386094,0.0,-1.1392595e-08,-0.0,1.1392595e-08,-1.1848357e-08,1.057181e-09,1.1895428e-08,4.5576165e-10,1.057181e-09,5.0283244e-10,4.375273
0.7903905511,0.0,-1.1521551e-08,-0.0,1.1521551e-08,-1.1759681e-08,1.0266774e-09,1.18044134e-08,2.381304e-10,1.0266774e-09,2.8286262e-10,2.433949
0.7981424928,0.0,-1.1639878e-08,-0.0,1.1639878e-08,-1.1668334e-08,1.0086936e-09,1.1711852e-08,2.845546e-11,1.0086936e-09,7.197354e-11,0.6130689
0.8058944345,0.0,-1.1747335e-08,-0.0,1.1747335e-08,-1.1566868e-08,1.0064483e-09,1.1610571e-08,1.8046631e-10,1.0064483e-09,1.3676349e-10,1.1543819
0.8136463761,0.0,-1.1843687e-08,-0.0,1.1843687e-08,-1.14526415e-08,1.0198846e-09,1.14979635e-08,3.9104542e-10,1.0198846e-09,3.4572345e-10,2.8946126
0.8213983178,0.0,-1.1928706e-08,-0.0,1.1928706e-08,-1.1329391e-08,1.0410375e-09,1.1377121e-08,5.9931526e-10,1.0410375e-09,5.5158544e-10,4.585576
0.8291502595,0.0,-1.2002166e-08,-0.0,1.2002166e-08,-1.1215079e-08,1.0542109e-09,1.1264517e-08,7.8708773e-10,1.0542109e-09,7.3764905e-10,6.095182
0.8369022012,0.0,-1.2063849e-08,-0.0,1.2063849e-08,-1.1109577e-08,1.061295e-09,1.1160155e-08,9.542713e-10,1.061295e-09,9.03694e-10,7.4293423
0.8446541429,0.0,-1.2113549e-08,-0.0,1.2113549e-08,-1.100463e-08,1.0588295e-09,1.1055452e-08,1.1089192e-09,1.0588295e-09,1.0580976e-09,8.66331
0.8524060845,0.0,-1.2151067e-08,-0.0,1.2151067e-08,-1.0899157e-08,1.0470202e-09,1.0949332e-08,1.2519097e-09,1.0470202e-09,1.2017347e-09,9.809225
0.8601580262,0.0,-1.2176167e-08,-0.0,1.2176167e-08,-1.0787915e-08,1.0238494e-09,1.08363905e-08,1.3882522e-09,1.0238494e-09,1.3397763e-09,10.913638
0.8679099679,0.0,-1.21888535e-08,-0.0,1.21888535e-08,-1.0668984e-08,9.967138e-10,1.071544e-08,1.5198696e-09,9.967138e-10,1.4734134e-09,11.989836
0.8756619096,0.0,-1.21885915e-08,-0.0,1.21885915e-08,-1.0541356e-08,9.673116e-10,1.0585645e-08,1.6472352e-09,9.673116e-10,1.6029462e-09,13.044182
0.8834138513,0.0,-1.2175548e-08,-0.0,1.2175548e-08,-1.0411384e-08,9.377743e-10,1.0453532e-08,1.7641639e-09,9.377743e-10,1.7220154e-09,14.028012
0.8911657929,0.0,-1.2149547e-08,-0.0,1.2149547e-08,-1.0286101e-08,9.1241503e-10,1.0326489e-08,1.8634463e-09,9.1241503e-10,1.8230581e-09,14.882657
0.898917675,0.0,-1.2110345e-08,-0.0,1.2110345e-08,-1.0158416e-08,8.9135455e-10,1.0197447e-08,1.9519284e-09,8.9135455e-10,1.9128974e-09,15.6662035
0.9066696167,0.0,-1.2057921e-08,-0.0,1.2057921e-08,-1.0009117e-08,8.6488683e-10,1.0046415e-08,2.0488038e-09,8.6488683e-10,2.0115056e-09,16.544815
0.9144215584,0.0,-1.19921495e-08,-0.0,1.19921495e-08,-9.835304e-09,8.3413454e-10,9.870612e-09,2.1568454e-09,8.3413454e-10,2.1215376e-09,17.544752
0.9221735001,0.0,-1.1912979e-08,-0.0,1.1912979e-08,-9.647579e-09,8.025367e-10,9.6809005e-09,2.2654003e-09,8.025367e-10,2.2320785e-09,18.580557
0.9299254417,0.0,-1.1820358e-08,-0.0,1.1820358e-08,-9.457864e-09,7.7704954e-10,9.489731e-09,2.3624942e-09,7.7704954e-10,2.3306272e-09,19.551655
0.9376773834,0.0,-1.171428e-08,-0.0,1.171428e-08,-9.278196e-09,7.560814e-10,9.308952e-09,2.4360842e-09,7.560814e-10,2.4053284e-09,20.3595
0.9454293251,0.0,-1.15947465e-08,-0.0,1.15947465e-08,-9.116988e-09,7.4459905e-10,9.147344e-09,2.4777584e-09,7.4459905e-10,2.4474023e-09,20.927364
0.9531812668,0.0,-1.1461794e-08,-0.0,1.1461794e-08,-8.982255e-09,7.391563e-10,9.012616e-09,2.4795392e-09,7.391563e-10,2.4491777e-09,21.18337
0.9609332085,0.0,-1.1315486e-08,-0.0,1.1315486e-08,-8.857555e-09,7.4459194e-10,8.8887955e-09,2.4579316e-09,7.4459194e-10,2.4266908e-09,21.257883
0.9686851501,0.0,-1.1155917e-08,-0.0,1.1155917e-08,-8.733949e-09,7.5832673e-10,8.766808e-09,2.4219684e-09,7.5832673e-10,2.3891094e-09,21.225363
0.9764370918,0.0,-1.0983216e-08,-0.0,1.0983216e-08,-8.613355e-09,7.7625373e-10,8.648263e-09,2.3698608e-09,7.7625373e-10,2.3349527e-09,21.067465
0.9841890335,0.0,-1.07975415e-08,-0.0,1.07975415e-08,-8.5105825e-09,7.94266e-10,8.547565e-09,2.286959e-09,7.94266e-10,2.2499762e-09,20.64664
0.9919409752,0.0,-1.059909e-08,-0.0,1.059909e-08,-8.44976e-09,8.102319e-10,8.4885174e-09,2.1493296e-09,8.102319e-10,2.1105722e-09,19.726652
0.9996929169,0.0,-1.0388099e-08,-0.0,1.0388099e-08,-8.473094e-09,8.233485e-10,8.513004e-09,1.915005e-09,8.233485e-10,1.8750956e-09,17.878317
1.007444859,0.0,-1.0164842e-08,-0.0,1.0164842e-08,-8.590703e-09,8.3217344e-10,8.6309155e-09,1.574139e-09,8.3217344e-10,1.5339268e-09,14.9435005
1.0151968,0.0,-9.929631e-09,-0.0,9.929631e-09,-8.787751e-09,8.3677065e-10,8.8275e-09,1.1418804e-09,8.3677065e-10,1.1021317e-09,10.988756
1.022948742,0.0,-9.6828225e-09,-0.0,9.6828225e-09,-9.029918e-09,8.4250473e-10,9.0691366e-09,6.529044e-10,8.4250473e-10,6.13686e-10,6.273097
1.030700684,0.0,-9.424814e-09,-0.0,9.424814e-09,-9.289394e-09,8.5469765e-10,9.32863e-09,1.3541968e-10,8.5469765e-10,9.6183506e-11,1.0098203
1.038452625,0.0,-9.156049e-09,-0.0,9.156049e-09,-9.55167e-09,8.6689056e-10,9.590927e-09,3.9562043e-10,8.6689056e-10,4.348779e-10,4.6983104
1.046204567,0.0,-8.877017e-09,-0.0,8.877017e-09,-9.808701e-09,8.8258645e-10,9.848328e-09,9.316841e-10,8.8258645e-10,9.71311e-10,10.819976
1.053956509,0.0,-8.588257e-09,-0.0,8.588257e-09,-1.0061427e-08,9.0549435e-10,1.0102091e-08,1.47317e-09,9.0549435e-10,1.5138335e-09,17.423903
1.06170845,0.0,-8.290346e-09,-0.0,8.290346e-09,-1.0323561e-08,9.574634e-10,1.0367866e-08,2.0332145e-09,9.574634e-10,2.0775195e-09,24.760832
1.069460392,0.0,-7.983918e-09,-0.0,7.983918e-09,-1.0563568e-08,1.0127863e-09,1.0612007e-08,2.5796494e-09,1.0127863e-09,2.6280889e-09,32.510086
1.077212334,0.0,-7.66966e-09,-0.0,7.66966e-09,-1.0777114e-08,1.067022e-09,1.0829807e-08,3.1074547e-09,1.067022e-09,3.1601477e-09,40.672924
1.084964275,0.0,-7.348299e-09,-0.0,7.348299e-09,-1.0978894e-08,1.1146284e-09,1.1035331e-08,3.6305954e-09,1.1146284e-09,3.687032e-09,49.501667
1.092716217,0.0,-7.020626e-09,-0.0,7.020626e-09,-1.11784e-08,1.1585684e-09,1.1238279e-08,4.1577746e-09,1.1585684e-09,4.217653e-09,59.23149
1.10046804,0.0,-6.687475e-09,-0.0,6.687475e-09,-1.13897585e-08,1.1920562e-09,1.1451969e-08,4.7022835e-09,1.1920562e-09,4.764494e-09,70.19538
1.108219981,0.0,-6.3497314e-09,-0.0,6.3497314e-09,-1.1611803e-08,1.216101e-09,1.16753105e-08,5.2620717e-09,1.216101e-09,5.325579e-09,82.57056
1.115971923,0.0,-6.008258e-09,-0.0,6.008258e-09,-1.1836747e-08,1.2411618e-09,1.1901641e-08,5.828489e-09,1.2411618e-09,5.8933827e-09,96.482216
1.123723865,0.0,-5.664024e-09,-0.0,5.664024e-09,-1.2061506e-08,1.2718218e-09,1.2128374e-08,6.3974817e-09,1.2718218e-09,6.46435e-09,112.149956
1.131475806,0.0,-5.3180944e-09,-0.0,5.3180944e-09,-1.2288297e-08,1.3104753e-09,1.2357976e-08,6.970202e-09,1.3104753e-09,7.0398816e-09,129.9328
1.139227748,0.0,-4.971635e-09,-0.0,4.971635e-09,-1.2521582e-08,1.3580035e-09,1.2595007e-08,7.5499464e-09,1.3580035e-09,7.623372e-09,150.31389
1.14697969,0.0,-4.625563e-09,-0.0,4.625563e-09,-1.276473e-08,1.4087291e-09,1.2842229e-08,8.139167e-09,1.4087291e-09,8.216666e-09,173.87697
1.154731631,0.0,-4.281564e-09,-0.0,4.281564e-09,-1.3027503e-08,1.4434676e-09,1.3107227e-08,8.745939e-09,1.4434676e-09,8.825664e-09,201.42725
1.162483573,0.0,-3.9414663e-09,-0.0,3.9414663e-09,-1.33048275e-08,1.4535502e-09,1.3383992e-08,9.363362e-09,1.4535502e-09,9.442525e-09,233.64107
1.170235515,0.0,-3.6080738e-09,-0.0,3.6080738e-09,-1.3610759e-08,1.4374351e-09,1.3686452e-08,1.0002685e-08,1.4374351e-09,1.0078378e-08,271.7955
1.177987456,0.0,-3.273471e-09,-0.0,3.273471e-09,-1.3956367e-08,1.4021992e-09,1.402663e-08,1.06828955e-08,1.4021992e-09,1.0753158e-08,318.7565
1.185739398,0.0,-2.9450522e-09,-0.0,2.9450522e-09,-1.4301477e-08,1.3716033e-09,1.43670995e-08,1.1356425e-08,1.3716033e-09,1.1422047e-08,375.10184
1.19349134,0.0,-2.625647e-09,-0.0,2.625647e-09,-1.4649487e-08,1.342741e-09,1.4710895e-08,1.202384e-08,1.342741e-09,1.20852475e-08,443.39005
1.201243281,0.0,-2.3228068e-09,-0.0,2.3228068e-09,-1.499727e-08,1.3168489e-09,1.5054972e-08,1.2674462e-08,1.3168489e-09,1.27321655e-08,525.513
1.208995223,0.0,-2.028291e-09,-0.0,2.028291e-09,-1.533813e-08,1.2958878e-09,1.5392777e-08,1.33098395e-08,1.2958878e-09,1.33644855e-08,627.94446
1.216747165,0.0,-1.7451119e-09,-0.0,1.7451119e-09,-1.567986e-08,1.2775061e-09,1.5731816e-08,1.3934748e-08,1.2775061e-09,1.3986704e-08,758.04095
1.224499106,0.0,-1.4759267e-09,-0.0,1.4759267e-09,-1.60219e-08,1.2614763e-09,1.6071484e-08,1.4545973e-08,1.2614763e-09,1.4595557e-08,926.1571
1.232251048,0.0,-1.2223784e-09,-0.0,1.2223784e-09,-1.6363344e-08,1.2466259e-09,1.6410763e-08,1.5140966e-08,1.2466259e-09,1.5188384e-08,1148.5657
1.24000299,0.0,-9.859057e-10,-0.0,9.859057e-10,-1.6705684e-08,1.2279671e-09,1.6750755e-08,1.5719777e-08,1.2279671e-09,1.5764849e-08,1451.7697
1.247754931,0.0,-7.681477e-10,-0.0,7.681477e-10,-1.704656e-08,1.2038441e-09,1.7089015e-08,1.6278412e-08,1.2038441e-09,1.6320866e-08,1879.9642
1.255506873,0.0,-5.704619e-10,-0.0,5.704619e-10,-1.738006e-08,1.1760761e-09,1.7419806e-08,1.6809597e-08,1.1760761e-09,1.6849345e-08,2513.0952
1.263258815,0.0,-3.9454362e-10,-0.0,3.9454362e-10,-1.7699662e-08,1.1527064e-09,1.7737158e-08,1.730512e-08,1.1527064e-09,1.7342614e-08,3506.7915
1.271010756,0.0,-2.4124783e-10,-0.0,2.4124783e-10,-1.8024238e-08,1.121883e-09,1.8059119e-08,1.7782991e-08,1.121883e-09,1.7817872e-08,5221.3877
1.278762698,0.0,-1.14729615e-10,-0.0,1.14729615e-10,-1.8393905e-08,1.0612524e-09,1.8424494e-08,1.8279176e-08,1.0612524e-09,1.8309764e-08,8526.893
1.28651464,0.0,-9.079107e-12,-0.0,9.079107e-12,-1.8804485e-08,9.87491e-10,1.8830395e-08,1.8795406e-08,9.87491e-10,1.8821316e-08,17254.74
1.294266582,0.0,6.802537e-11,-0.0,6.802537e-11,-1.9226349e-08,9.1817753e-10,1.9248262e-08,1.9294374e-08,9.1817753e-10,1.9180236e-08,11415.083
1.302018523,0.0,1.16299345e-10,-0.0,1.16299345e-10,-1.9660916e-08,8.5248786e-10,1.9679389e-08,1.9777216e-08,8.5248786e-10,1.9563089e-08,9044.452
1.309770465,0.0,1.4164536e-10,-0.0,1.4164536e-10,-2.010296e-08,7.8699003e-10,2.0118359e-08,2.0244604e-08,7.8699003e-10,1.9976714e-08,8266.955
1.317522407,0.0,1.4248341e-10,-0.0,1.4248341e-10,-2.0525633e-08,7.334009e-10,2.053873e-08,2.0668116e-08,7.334009e-10,2.0396246e-08,8411.398
1.325274348,0.0,1.1896194e-10,-0.0,1.1896194e-10,-2.063986e-08,7.2822104e-10,2.0652703e-08,2.0758822e-08,7.2822104e-10,2.053374e-08,9377.767
1.33302629,0.0,7.931713e-11,-0.0,7.931713e-11,-1.885067e-08,1.1274466e-09,1.8884355e-08,1.8929988e-08,1.1274466e-09,1.8805038e-08,10487.028
1.340778112,0.0,3.9299834e-11,-0.0,3.9299834e-11,-1.1755901e-08,2.9213467e-09,1.2113442e-08,1.1795201e-08,2.9213467e-09,1.2074142e-08,8667.735
1.348530054,0.0,1.3925206e-12,-0.0,1.3925206e-12,-2.64356e-09,3.6811656e-09,4.5320405e-09,2.6449525e-09,3.6811656e-09,4.530648e-09,4468.4243
1.352406025,0.003875968978,-0.0,1.3975531e-12,1.3975531e-12,3.2190428e-10,4.095618e-09,4.1082493e-09,3.2190428e-10,4.0942205e-09,4.1068517e-09,4050.2473
1.352406025,0.01162790693,-0.0,3.9255522e-11,3.9255522e-11,2.9962166e-10,4.1970267e-09,4.207708e-09,2.9962166e-10,4.157771e-09,4.1684523e-09,2993.3838
1.352406025,0.01937984489,-0.0,7.9338536e-11,7.9338536e-11,2.2497204e-10,1.4796981e-09,1.4967028e-09,2.2497204e-10,1.4003596e-09,1.4173642e-09,790.32886
1.352406025,0.02713178284,-0.0,1.1900561e-10,1.1900561e-10,2.6844305e-10,4.73257e-10,5.4408994e-10,2.6844305e-10,3.5425138e-10,4.2508433e-10,194.09746
1.352406025,0.03488372266,-0.0,1.4267396e-10,1.4267396e-10,2.8236968e-10,2.4331825e-10,3.7274175e-10,2.8236968e-10,1.006443e-10,2.300678e-10,94.80531
1.352406025,0.04263565689,-0.0,1.4355285e-10,1.4355285e-10,2.880114e-10,1.128484e-10,3.0933045e-10,2.880114e-10,3.0704453e-11,1.657776e-10,68.066376
1.352406025,0.05038759857,-0.0,1.2005129e-10,1.2005129e-10,2.9294256e-10,-7.830181e-12,2.930472e-10,2.9294256e-10,1.2788147e-10,1.7299591e-10,78.61618
1.352406025,0.0581395328,-0.0,7.4429955e-11,7.4429955e-11,2.9838532e-10,-1.2105517e-10,3.2200645e-10,2.9838532e-10,1.9548513e-10,2.475765e-10,141.93462
1.352406025,0.06589147449,-0.0,3.197801e-12,3.197801e-12,3.042686e-10,-2.2708946e-10,3.796696e-10,3.042686e-10,2.3028726e-10,3.764718e-10,364.806
1.352406025,0.07364341617,-0.0,-9.572325e-11,9.572325e-11,3.1064928e-10,-3.2593306e-10,4.5026138e-10,3.1064928e-10,2.3020981e-10,3.5453812e-10,181.14258
1.352406025,0.0813953504,-0.0,-2.1400828e-10,2.1400828e-10,3.1752734e-10,-4.1747228e-10,5.2450616e-10,3.1752734e-10,2.03464e-10,3.1049788e-10,98.88206
1.352406025,0.08914728463,-0.0,-3.559302e-10,3.559302e-10,3.2497383e-10,-5.016716e-10,5.9773103e-10,3.2497383e-10,1.4574139e-10,2.4180083e-10,53.034615
1.352406025,0.09689922631,-0.0,-5.189557e-10,5.189557e-10,3.3301717e-10,-5.784315e-10,6.674455e-10,3.3301717e-10,5.947581e-11,1.4848978e-10,23.99037
1.352406025,0.104651168,-0.0,-7.0154116e-10,7.0154116e-10,3.417e-10,-6.47681e-10,7.322907e-10,3.417e-10,5.386014e-11,3.0749514e-11,3.8362987
1.352406025,0.1124031022,-0.0,-9.023459e-10,9.023459e-10,3.5103653e-10,-7.094414e-10,7.9153883e-10,3.5103653e-10,1.9290453e-10,1.10807086e-10,11.054775
1.352406025,0.1201550364,-0.0,-1.1202039e-09,1.1202039e-09,3.6128256e-10,-7.6320816e-10,8.4440027e-10,3.6128256e-10,3.5699577e-10,2.7580366e-10,22.603079
1.352406025,0.1279069781,-0.0,-1.3539887e-09,1.3539887e-09,3.7447023e-10,-8.0664364e-10,8.8932667e-10,3.7447023e-10,5.4734506e-10,4.6466203e-10,31.957747
1.352406025,0.1356589198,-0.0,-1.6026301e-09,1.6026301e-09,3.9214854e-10,-8.4237683e-10,9.29182e-10,3.9214854e-10,7.602533e-10,6.7344813e-10,39.553402
1.352406025,0.1434108615,-0.0,-1.8651043e-09,1.8651043e-09,4.2106763e-10,-8.790835e-10,9.747234e-10,4.2106763e-10,9.860208e-10,8.903809e-10,45.3096
1.352406025,0.1511627883,-0.0,-2.1405506e-09,2.1405506e-09,4.5262993e-10,-9.296457e-10,1.0339801e-09,4.5262993e-10,1.2109049e-09,1.1065705e-09,49.38833
1.352406025,0.15891473,-0.0,-2.4282105e-09,2.4282105e-09,4.8522963e-10,-9.949161e-10,1.1069354e-09,4.8522963e-10,1.4332944e-09,1.3212751e-09,52.261276
1.352406025,0.1666666716,-0.0,-2.7273295e-09,2.7273295e-09,5.127134e-10,-1.0756693e-09,1.1916121e-09,5.127134e-10,1.6516601e-09,1.5357173e-09,54.316887
1.352406025,0.1744185984,-0.0,-3.0372675e-09,3.0372675e-09,5.0046367e-10,-1.247102e-09,1.3437735e-09,5.0046367e-10,1.7901656e-09,1.693494e-09,53.979904
1.352406025,0.1821705401,-0.0,-3.3573215e-09,3.3573215e-09,4.844054e-10,-1.4479227e-09,1.5268035e-09,4.844054e-10,1.9093989e-09,1.8305181e-09,52.946133
1.352406025,0.1899224818,-0.0,-3.6871781e-09,3.6871781e-09,4.666987e-10,-1.6641408e-09,1.7283438e-09,4.666987e-10,2.0230373e-09,1.9588344e-09,51.722797
1.352406025,0.1976744235,-0.0,-4.0265795e-09,4.0265795e-09,4.4845194e-10,-1.8806645e-09,1.933393e-09,4.4845194e-10,2.145915e-09,2.0931865e-09,50.724495
1.352406025,0.2054263651,-0.0,-4.374928e-09,4.374928e-09,4.308589e-10,-2.095291e-09,2.1391315e-09,4.308589e-10,2.279637e-09,2.2357964e-09,49.962738
1.352406025,0.2131782919,-0.0,-4.731663e-09,4.731663e-09,4.167049e-10,-2.3075373e-09,2.3448605e-09,4.167049e-10,2.4241258e-09,2.3868025e-09,49.399193
1.352406025,0.2209302336,-0.0,-5.099393e-09,5.099393e-09,4.0017767e-10,-2.5585365e-09,2.589643e-09,4.0017767e-10,2.5408564e-09,2.50975e-09,48.27006
1.352406025,0.2286821753,-0.0,-5.4783986e-09,5.4783986e-09,4.11859e-10,-2.857135e-09,2.8866673e-09,4.11859e-10,2.6212637e-09,2.5917313e-09,46.460133
1.352406025,0.2364341021,-0.0,-5.866186e-09,5.866186e-09,4.2841464e-10,-3.155634e-09,3.1845824e-09,4.2841464e-10,2.7105522e-09,2.6816038e-09,44.9467
1.352406025,0.2441860437,-0.0,-6.2611063e-09,6.2611063e-09,4.468319e-10,-3.4491592e-09,3.477982e-09,4.468319e-10,2.8119471e-09,2.7831244e-09,43.752205
1.352406025,0.2519379854,-0.0,-6.665054e-09,6.665054e-09,4.5857007e-10,-3.746834e-09,3.7747916e-09,4.5857007e-10,2.9182199e-09,2.8902623e-09,42.723415
1.352406025,0.2596899271,-0.0,-7.0790604e-09,7.0790604e-09,4.5837112e-10,-4.0319037e-09,4.0578754e-09,4.5837112e-10,3.0471567e-09,3.021185e-09,42.083294
1.352406025,0.2674418688,-0.0,-7.50321e-09,7.50321e-09,4.597922e-10,-4.310806e-09,4.3352575e-09,4.597922e-10,3.1924037e-09,3.1679521e-09,41.665985
1.352406025,0.2751938105,-0.0,-7.937969e-09,7.937969e-09,4.650218e-10,-4.585438e-09,4.6089568e-09,4.650218e-10,3.3525316e-09,3.3290126e-09,41.416092
1.352406025,0.2829457521,-0.0,-8.38383e-09,8.38383e-09,4.724825e-10,-4.8684328e-09,4.8913065e-09,4.724825e-10,3.5153969e-09,3.4925232e-09,41.16682
1.352406025,0.290697664,-0.0,-8.841376e-09,8.841376e-09,4.7869264e-10,-5.1685802e-09,5.1907003e-09,4.7869264e-10,3.6727954e-09,3.6506753e-09,40.829014
1.352406025,0.2984496057,-0.0,-9.311223e-09,9.311223e-09,4.845617e-10,-5.4907616e-09,5.5121014e-09,4.845617e-10,3.8204613e-09,3.7991215e-09,40.36799
1.352406025,0.3062015474,-0.0,-9.794112e-09,9.794112e-09,4.939267e-10,-5.819274e-09,5.840198e-09,4.939267e-10,3.9748382e-09,3.953914e-09,39.96229
1.352406025,0.3139534891,-0.0,-1.0290849e-08,1.0290849e-08,5.075407e-10,-6.1711987e-09,6.1920344e-09,5.075407e-10,4.1196504e-09,4.0988146e-09,39.44639
1.352406025,0.3217054307,-0.0,-1.0802355e-08,1.0802355e-08,5.209273e-10,-6.515208e-09,6.536e-09,5.209273e-10,4.2871466e-09,4.2663544e-09,39.132412
1.352406025,0.3294573724,-0.0,-1.132963e-08,1.132963e-08,5.3655924e-10,-6.8490635e-09,6.8700485e-09,5.3655924e-10,4.480566e-09,4.459581e-09,39.017723
1.352406025,0.3372093141,-0.0,-1.1873789e-08,1.1873789e-08,5.5517546e-10,-7.176034e-09,7.1974777e-09,5.5517546e-10,4.697755e-09,4.6763113e-09,39.054565
1.352406025,0.344961226,-0.0,-1.2436066e-08,1.2436066e-08,5.817071e-10,-7.5115665e-09,7.534057e-09,5.817071e-10,4.9245e-09,4.9020095e-09,39.10325
1.352406025,0.3527131677,-0.0,-1.3017834e-08,1.3017834e-08,6.130847e-10,-7.841237e-09,7.865168e-09,6.130847e-10,5.176597e-09,5.152666e-09,39.279854
1.352406025,0.3604651093,-0.0,-1.3620569e-08,1.3620569e-08,6.5031713e-10,-8.173565e-09,8.199395e-09,6.5031713e-10,5.4470037e-09,5.4211737e-09,39.51129
1.352406025,0.368217051,-0.0,-1.4245915e-08,1.4245915e-08,6.947545e-10,-8.515869e-09,8.544162e-09,6.947545e-10,5.7300458e-09,5.701753e-09,39.744785
1.352406025,0.3759689927,-0.0,-1.4895667e-08,1.4895667e-08,7.477894e-10,-8.866749e-09,8.898226e-09,7.477894e-10,6.028918e-09,5.9974408e-09,39.99449
1.352406025,0.3837209344,-0.0,-1.5571782e-08,1.5571782e-08,8.089671e-10,-9.222333e-09,9.257746e-09,8.089671e-10,6.349449e-09,6.3140364e-09,40.289204
1.352406025,0.3914728761,-0.0,-1.627641e-08,1.627641e-08,8.7723606e-10,-9.583751e-09,9.6238155e-09,8.7723606e-10,6.692659e-09,6.652594e-09,40.62303
1.352406025,0.3992248178,-0.0,-1.7011892e-08,1.7011892e-08,9.512746e-10,-9.953524e-09,9.998878e-09,9.512746e-10,7.058368e-09,7.013014e-09,40.983276
1.352406025,0.4069767594,-0.0,-1.7780794e-08,1.7780794e-08,1.0305854e-09,-1.0327078e-08,1.0378374e-08,1.0305854e-09,7.453716e-09,7.40242e-09,41.39872
1.352406025,0.4147286713,-0.0,-1.8585904e-08,1.8585904e-08,1.1153816e-09,-1.0704859e-08,1.0762811e-08,1.1153816e-09,7.881045e-09,7.823093e-09,41.86628
1.352406025,0.422480613,-0.0,-1.9430257e-08,1.9430257e-08,1.2058479e-09,-1.10868825e-08,1.1152266e-08,1.2058479e-09,8.343374e-09,8.277991e-09,42.385468
1.352406025,0.4302325547,-0.0,-2.0317154e-08,2.0317154e-08,1.305068e-09,-1.14735315e-08,1.1547516e-08,1.305068e-09,8.843623e-09,8.769638e-09,42.952305
1.352406025,0.4379844964,-0.0,-2.125018e-08,2.125018e-08,1.4126726e-09,-1.1873176e-08,1.1956921e-08,1.4126726e-09,9.377004e-09,9.2932595e-09,43.52778
1.352406025,0.445736438,-0.0,-2.2233229e-08,2.2233229e-08,1.4856312e-09,-1.2496493e-08,1.2584492e-08,1.4856312e-09,9.736736e-09,9.648737e-09,43.203503
1.352406025,0.4534883797,-0.0,-2.327049e-08,2.327049e-08,1.561915e-09,-1.3170876e-08,1.3263165e-08,1.561915e-09,1.0099614e-08,1.0007325e-08,42.820347
1.352406025,0.4612403214,-0.0,-2.4366507e-08,2.4366507e-08,1.6473223e-09,-1.3868437e-08,1.3965931e-08,1.6473223e-09,1.049807e-08,1.0400576e-08,42.509445
1.352406025,0.4689922333,-0.0,-2.5526186e-08,2.5526186e-08,1.7376749e-09,-1.4608645e-08,1.4711628e-08,1.7376749e-09,1.0917541e-08,1.0814557e-08,42.2012
1.352406025,0.476744175,-0.0,-2.6754785e-08,2.6754785e-08,1.7654287e-09,-1.535917e-08,1.5460298e-08,1.7654287e-09,1.1395615e-08,1.1294487e-08,42.057632
1.352406025,0.4844961166,-0.0,-2.8057922e-08,2.8057922e-08,1.7167281e-09,-1.6583755e-08,1.6672375e-08,1.7167281e-09,1.1474167e-08,1.1385547e-08,40.434612
1.352406025,0.4922480583,-0.0,-2.9441704e-08,2.9441704e-08,1.6708981e-09,-1.8095847e-08,1.8172825e-08,1.6708981e-09,1.1345858e-08,1.1268879e-08,38.145664
1.352406025,0.5,-0.0,-3.091258e-08,3.091258e-08,1.6380284e-09,-1.9853317e-08,1.9920776e-08,1.6380284e-09,1.1059264e-08,1.0991805e-08,35.443054
1.352406025,0.5077519417,-0.0,-3.2477445e-08,3.2477445e-08,1.6180621e-09,-2.1760066e-08,2.1820142e-08,1.6180621e-09,1.0717379e-08,1.0657303e-08,32.713745
1.352406025,0.5155038834,-0.0,-3.4143604e-08,3.4143604e-08,1.5906494e-09,-2.3671134e-08,2.3724517e-08,1.5906494e-09,1.0472469e-08,1.0419086e-08,30.426373
1.352406025,0.523255825,-0.0,-3.59189e-08,3.59189e-08,1.5427588e-09,-2.551618e-08,2.5562777e-08,1.5427588e-09,1.0402722e-08,1.0356125e-08,28.751919
1.352406025,0.5310077667,-0.0,-3.781163e-08,3.781163e-08,1.4701556e-09,-2.734923e-08,2.7388715e-08,1.4701556e-09,1.0462401e-08,1.0422916e-08,27.492662
1.352406025,0.5387597084,-0.0,-3.9830518e-08,3.9830518e-08,1.3618973e-09,-2.9418231e-08,2.9449739e-08,1.3618973e-09,1.0412286e-08,1.0380779e-08,25.997108
1.352406025,0.5465116501,-0.0,-4.19848e-08,4.19848e-08,1.2372112e-09,-3.170112e-08,3.1725254e-08,1.2372112e-09,1.02836815e-08,1.0259548e-08,24.378275
1.352406025,0.5542635918,-0.0,-4.4284192e-08,4.4284192e-08,1.1091714e-09,-3.409459e-08,3.4112627e-08,1.1091714e-09,1.0189602e-08,1.0171565e-08,22.91709
1.352406025,0.5620155334,-0.0,-4.6738936e-08,4.6738936e-08,9.837464e-10,-3.6532327e-08,3.654557e-08,9.837464e-10,1.0206609e-08,1.0193368e-08,21.762594
1.352406025,0.5697674155,-0.0,-4.9359816e-08,4.9359816e-08,8.5979934e-10,-3.9028734e-08,3.9038206e-08,8.5979934e-10,1.0331082e-08,1.032161e-08,20.86868
1.352406025,0.5775193572,-0.0,-5.2158043e-08,5.2158043e-08,7.9371887e-10,-4.160202e-08,4.1609592e-08,7.9371887e-10,1.0556022e-08,1.0548451e-08,20.185318
1.352406025,0.5852712989,-0.0,-5.5145346e-08,5.5145346e-08,6.9694295e-10,-4.4368555e-08,4.437403e-08,6.9694295e-10,1.0776791e-08,1.0771316e-08,19.497238
1.352406025,0.5930232406,-0.0,-5.833404e-08,5.833404e-08,5.4116356e-10,-4.7413785e-08,4.7416872e-08,5.4116356e-10,1.0920257e-08,1.0917169e-08,18.682894
1.352406025,0.6007751822,-0.0,-6.173723e-08,6.173723e-08,9.707435e-10,-5.2439255e-08,5.244824e-08,9.707435e-10,9.2979775e-09,9.288993e-09,15.021683
1.352406025,0.6085271239,-0.0,-6.536801e-08,6.536801e-08,9.44226e-10,-5.9230523e-08,5.9238047e-08,9.44226e-10,6.1374905e-09,6.129966e-09,9.363298
1.352406025,0.6162790656,-0.0,-6.92402e-08,6.92402e-08,8.53305e-10,-6.625683e-08,6.6262324e-08,8.53305e-10,2.98337e-09,2.9778775e-09,4.29459
1.352406025,0.6240310073,-0.0,-7.336811e-08,7.336811e-08,6.8605743e-10,-7.3245374e-08,7.3248586e-08,6.8605743e-10,1.2273915e-10,1.195275e-10,0.16269302
1.352406025,0.631782949,-0.0,-7.776655e-08,7.776655e-08,4.738183e-10,-8.0525666e-08,8.052706e-08,4.738183e-10,2.7591156e-09,2.7605083e-09,3.5451784
1.352406025,0.6395348907,-0.0,-8.245089e-08,8.245089e-08,2.7263525e-10,-8.7747054e-08,8.774748e-08,2.7263525e-10,5.2961653e-09,5.2965916e-09,6.416153
1.352406025,0.6472868323,-0.0,-8.743696e-08,8.743696e-08,5.5464966e-11,-9.561052e-08,9.561054e-08,5.5464966e-11,8.173558e-09,8.173579e-09,9.337289
1.352406025,0.655038774,-0.0,-9.274141e-08,9.274141e-08,1.683702e-10,-1.0422421e-07,1.0422435e-07,1.683702e-10,1.1482804e-08,1.1482939e-08,12.368338
1.352406025,0.6627907157,-0.0,-9.8380056e-08,9.8380056e-08,5.0368953e-10,-1.131924e-07,1.1319352e-07,5.0368953e-10,1.4812343e-08,1.4813466e-08,15.042096
1.352406025,0.6705426574,-0.0,-1.0437003e-07,1.0437003e-07,8.8560625e-10,-1.2264563e-07,1.2264883e-07,8.8560625e-10,1.82756e-08,1.8278797e-08,17.496689
1.352406025,0.6782945991,-0.0,-1.107289e-07,1.107289e-07,1.2850734e-09,-1.3236813e-07,1.3237437e-07,1.2850734e-09,2.163923e-08,2.164547e-08,19.530527
1.352406025,0.6860464811,-0.0,-1.174741e-07,1.174741e-07,1.699874e-09,-1.4220792e-07,1.4221808e-07,1.699874e-09,2.4733822e-08,2.4743983e-08,21.045437
1.352406025,0.6937984228,-0.0,-1.2462344e-07,1.2462344e-07,2.121368e-09,-1.5215271e-07,1.521675e-07,2.121368e-09,2.7529268e-08,2.7544061e-08,22.084108
1.352406025,0.7015503645,-0.0,-1.3219564e-07,1.3219564e-07,2.5474094e-09,-1.621623e-07,1.621823e-07,2.5474094e-09,2.9966657e-08,2.9986666e-08,22.666405
1.352406025,0.7093023062,-0.0,-1.4020932e-07,1.4020932e-07,2.9273508e-09,-1.7199845e-07,1.7202335e-07,2.9273508e-09,3.1789128e-08,3.1814025e-08,22.674206
1.352406025,0.7170542479,-0.0,-1.4868385e-07,1.4868385e-07,3.280789e-09,-1.8198044e-07,1.8201001e-07,3.280789e-09,3.3296587e-08,3.332616e-08,22.399042
1.352406025,0.7248061895,-0.0,-1.5763858e-07,1.5763858e-07,3.820361e-09,-1.9224468e-07,1.9228264e-07,3.820361e-09,3.4606103e-08,3.464406e-08,21.96296
1.352406025,0.7325581312,-0.0,-1.670933e-07,1.670933e-07,5.599361e-09,-2.0456994e-07,2.0464657e-07,5.599361e-09,3.747664e-08,3.7553264e-08,22.460985
1.352406025,0.7403100729,-0.0,-1.7706822e-07,1.7706822e-07,7.9348865e-09,-2.182029e-07,2.1834713e-07,7.9348865e-09,4.1134683e-08,4.127891e-08,23.299274
1.352406025,0.7480620146,-0.0,-1.875839e-07,1.875839e-07,1.0331021e-08,-2.3203816e-07,2.3226802e-07,1.0331021e-08,4.4454268e-08,4.468413e-08,23.808186
1.352406025,0.7558139563,-0.0,-1.9866198e-07,1.9866198e-07,1.2795724e-08,-2.460173e-07,2.4634983e-07,1.2795724e-08,4.7355314e-08,4.768785e-08,23.99244
1.352406025,0.7635658979,-0.0,-2.1032493e-07,2.1032493e-07,1.5344298e-08,-2.6068042e-07,2.6113165e-07,1.5344298e-08,5.0355496e-08,5.080672e-08,24.14482
1.352406025,0.7713178396,-0.0,-2.2259657e-07,2.2259657e-07,1.7970606e-08,-2.7592515e-07,2.7650972e-07,1.7970606e-08,5.3328577e-08,5.3913155e-08,24.209244
1.352406025,0.7790697813,-0.0,-2.3550275e-07,2.3550275e-07,1.9881071e-08,-2.9221212e-07,2.9288765e-07,1.9881071e-08,5.6709368e-08,5.7384895e-08,24.356632
1.352406025,0.786821723,-0.0,-2.4907163e-07,2.4907163e-07,2.134444e-08,-3.0931895e-07,3.100545e-07,2.134444e-08,6.024732e-08,6.098287e-08,24.474243
1.352406025,0.7945736647,-0.0,-2.6333467e-07,2.6333467e-07,2.3136415e-08,-3.286564e-07,3.2946977e-07,2.3136415e-08,6.532173e-08,6.61351e-08,25.104935
1.352406025,0.8023256063,-0.0,-2.783274e-07,2.783274e-07,2.3209942e-08,-3.503973e-07,3.5116514e-07,2.3209942e-08,7.2069895e-08,7.2837736e-08,26.160406
1.352406025,0.810077548,-0.0,-2.9409136e-07,2.9409136e-07,2.2723576e-08,-3.7351222e-07,3.742028e-07,2.2723576e-08,7.942086e-08,8.011145e-08,27.23107
1.352406025,0.8178294301,-0.0,-3.1067592e-07,3.1067592e-07,2.16857e-08,-3.9788398e-07,3.984745e-07,2.16857e-08,8.7208065e-08,8.779858e-08,28.251411
1.352406025,0.8255813718,-0.0,-3.2813924e-07,3.2813924e-07,2.038221e-08,-4.2408772e-07,4.2457725e-07,2.038221e-08,9.594848e-08,9.6438015e-08,29.380405
1.352406025,0.8333333135,-0.0,-3.4655267e-07,3.4655267e-07,1.8884293e-08,-4.5170057e-07,4.5209515e-07,1.8884293e-08,1.05147905e-07,1.0554248e-07,30.446178
1.352406025,0.8410852551,-0.0,-3.6600392e-07,3.6600392e-07,1.7081518e-08,-4.804562e-07,4.8075975e-07,1.7081518e-08,1.1445229e-07,1.14755835e-07,31.345156
1.352406025,0.8488371968,-0.0,-3.8660139e-07,3.8660139e-07,1.37888065e-08,-5.124907e-07,5.126762e-07,1.37888065e-08,1.2588933e-07,1.2607481e-07,32.602627
1.352406025,0.8565891385,-0.0,-4.0848184e-07,4.0848184e-07,1.138352e-08,-5.4646034e-07,5.465789e-07,1.138352e-08,1.379785e-07,1.3809708e-07,33.79912
1.352406025,0.8643410802,-0.0,-4.318183e-07,4.318183e-07,1.1335985e-08,-5.837009e-07,5.83811e-07,1.1335985e-08,1.518826e-07,1.5199271e-07,35.19015
1.352406025,0.8720930219,-0.0,-4.568319e-07,4.568319e-07,1.1601472e-08,-6.234205e-07,6.235284e-07,1.1601472e-08,1.6658856e-07,1.6669651e-07,36.481697
1.352406025,0.8798449636,-0.0,-4.838115e-07,4.838115e-07,8.827897e-09,-6.6650114e-07,6.665596e-07,8.827897e-09,1.8268963e-07,1.8274807e-07,37.76477
1.352406025,0.8875969052,-0.0,-5.131357e-07,5.131357e-07,3.5843044e-09,-7.132105e-07,7.132195e-07,3.5843044e-09,2.000748e-07,2.0008378e-07,38.98477
1.352406025,0.8953488469,-0.0,-5.4530295e-07,5.4530295e-07,-2.3382967e-09,-7.64269e-07,7.6427256e-07,2.3382967e-09,2.1896602e-07,2.189696e-07,40.148224
1.352406025,0.9031007886,-0.0,-5.8098345e-07,5.8098345e-07,-8.1603275e-09,-8.2023985e-07,8.2028043e-07,8.1603275e-09,2.392564e-07,2.3929698e-07,41.181175
1.352406025,0.9108527303,-0.0,-6.211271e-07,6.211271e-07,-9.0292644e-09,-8.84381e-07,8.844271e-07,9.0292644e-09,2.6325387e-07,2.6329997e-07,42.38385
1.352406025,0.918604672,-0.0,-6.670823e-07,6.670823e-07,-9.916846e-09,-9.500079e-07,9.5005964e-07,9.916846e-09,2.829256e-07,2.8297734e-07,42.413795
1.352406025,0.9263566136,-0.0,-7.206815e-07,7.206815e-07,-1.1154029e-08,-1.0179039e-06,1.017965e-06,1.1154029e-08,2.9722236e-07,2.9728352e-07,41.24461
1.352406025,0.9341084957,-0.0,-7.8440223e-07,7.8440223e-07,-1.1065737e-08,-1.088151e-06,1.0882072e-06,1.1065737e-08,3.0374872e-07,3.03805e-07,38.72583
1.352406025,0.9418604374,-0.0,-8.626505e-07,8.626505e-07,-1.019913e-08,-1.1657177e-06,1.1657622e-06,1.019913e-08,3.0306717e-07,3.0311173e-07,35.133186
1.352406025,0.9496123791,-0.0,-9.627037e-07,9.627037e-07,-3.3995775e-09,-1.2528038e-06,1.2528085e-06,3.3995775e-09,2.9010016e-07,2.9010482e-07,30.131252
1.352406025,0.9573643208,-0.0,-1.0978295e-06,1.0978295e-06,1.6173658e-09,-1.3393142e-06,1.3393151e-06,1.6173658e-09,2.414847e-07,2.4148562e-07,21.994638
1.352406025,0.9651162624,-0.0,-1.2633161e-06,1.2633161e-06,1.0304433e-09,-1.4288489e-06,1.4288494e-06,1.0304433e-09,1.6553281e-07,1.6553327e-07,13.102038
1.352406025,0.9728682041,-0.0,-1.4720334e-06,1.4720334e-06,1.7606254e-09,-1.546973e-06,1.546974e-06,1.7606254e-09,7.493952e-08,7.4940544e-08,5.090608
1.352406025,0.9806201458,-0.0,-1.8208029e-06,1.8208029e-06,9.2840935e-09,-1.8185218e-06,1.8185456e-06,9.2840935e-09,2.2811264e-09,2.2573658e-09,0.123969585
1.352406025,0.9883720875,-0.0,-2.1460132e-06,2.1460132e-06,2.7013307e-08,-2.4933606e-06,2.493507e-06,2.7013307e-08,3.473474e-07,3.4749382e-07,16.191776
1.352406025,0.9961240292,-0.0,-4.2993006e-06,4.2993006e-06,3.232247e-08,-4.628857e-06,4.6289697e-06,3.232247e-08,3.2955631e-07,3.296691e-07,7.667792
