x,y,WSS_x_true,WSS_y_true,WSS_mag_true,WSS_x_pred,WSS_y_pred,WSS_mag_pred,abs_error_x,abs_error_y,abs_error_mag,rel_error_mag_pct
0.3562820554,1.0,-8.255849e-06,-0.0,8.255849e-06,-8.943112e-06,-1.3311914e-07,8.944103e-06,6.872633e-07,1.3311914e-07,6.8825375e-07,8.336559
0.3640339971,1.0,-6.770367e-06,-0.0,6.770367e-06,-7.431282e-06,-2.4089977e-07,7.4351856e-06,6.6091525e-07,2.4089977e-07,6.648188e-07,9.819539
0.3717859387,1.0,-4.7243943e-06,-0.0,4.7243943e-06,-4.8337315e-06,-1.5167068e-07,4.8361107e-06,1.0933718e-07,1.5167068e-07,1.1171642e-07,2.3646717
0.3795378506,1.0,-3.6909892e-06,-0.0,3.6909892e-06,-3.2762591e-06,-1.6723799e-07,3.2805249e-06,4.1473004e-07,1.6723799e-07,4.1046428e-07,11.120712
0.3872897923,1.0,-2.9493854e-06,-0.0,2.9493854e-06,-2.733818e-06,-1.500769e-07,2.7379342e-06,2.155673e-07,1.500769e-07,2.1145115e-07,7.169329
0.395041734,1.0,-2.4655756e-06,-0.0,2.4655756e-06,-2.492627e-06,-1.4465174e-07,2.4968206e-06,2.7051328e-08,1.4465174e-07,3.124501e-08,1.2672501
0.4027936757,1.0,-2.119722e-06,-0.0,2.119722e-06,-2.2973754e-06,-1.4138239e-07,2.3017217e-06,1.7765342e-07,1.4138239e-07,1.8199967e-07,8.586016
0.4105456173,1.0,-1.8683468e-06,-0.0,1.8683468e-06,-2.125127e-06,-1.4451713e-07,2.130035e-06,2.5678014e-07,1.4451713e-07,2.6168823e-07,14.006406
0.418297559,1.0,-1.6772065e-06,-0.0,1.6772065e-06,-1.969828e-06,-1.475368e-07,1.9753454e-06,2.926215e-07,1.475368e-07,2.9813896e-07,17.775925
0.4260495007,1.0,-1.5274227e-06,-0.0,1.5274227e-06,-1.8241661e-06,-1.5069875e-07,1.8303804e-06,2.9674345e-07,1.5069875e-07,3.029577e-07,19.834568
0.4338014126,1.0,-1.4066163e-06,-0.0,1.4066163e-06,-1.6860859e-06,-1.5379318e-07,1.6930853e-06,2.7946953e-07,1.5379318e-07,2.86469e-07,20.365824
0.4415533543,1.0,-1.3069275e-06,-0.0,1.3069275e-06,-1.5656409e-06,-1.5320721e-07,1.5731192e-06,2.5871338e-07,1.5320721e-07,2.661917e-07,20.367748
0.4493052959,1.0,-1.2230512e-06,-0.0,1.2230512e-06,-1.4575822e-06,-1.5205508e-07,1.465492e-06,2.3453106e-07,1.5205508e-07,2.4244082e-07,19.822622
0.4570572376,1.0,-1.1513412e-06,-0.0,1.1513412e-06,-1.3669003e-06,-1.523755e-07,1.3753671e-06,2.1555911e-07,1.523755e-07,2.2402594e-07,19.457825
0.4648091793,1.0,-1.08921e-06,-0.0,1.08921e-06,-1.2920419e-06,-1.5331962e-07,1.301107e-06,2.0283198e-07,1.5331962e-07,2.1189703e-07,19.454197
0.472561121,1.0,-1.0347903e-06,-0.0,1.0347903e-06,-1.2295349e-06,-1.5222581e-07,1.2389223e-06,1.9474453e-07,1.5222581e-07,2.04132e-07,19.726894
0.4803130627,1.0,-9.866553e-07,-0.0,9.866553e-07,-1.1771353e-06,-1.5376538e-07,1.1871358e-06,1.9048002e-07,1.5376538e-07,2.0048049e-07,20.3192
0.4880650043,1.0,-9.437117e-07,-0.0,9.437117e-07,-1.1322691e-06,-1.5406589e-07,1.1427027e-06,1.8855735e-07,1.5406589e-07,1.9899096e-07,21.08599
0.495816946,1.0,-9.051173e-07,-0.0,9.051173e-07,-1.0962236e-06,-1.5359483e-07,1.1069317e-06,1.9110632e-07,1.5359483e-07,2.0181437e-07,22.29704
0.5035688877,1.0,-8.7020544e-07,-0.0,8.7020544e-07,-1.0674797e-06,-1.5311112e-07,1.0784044e-06,1.9727429e-07,1.5311112e-07,2.0819891e-07,23.92526
0.5113208294,1.0,-8.384386e-07,-0.0,8.384386e-07,-1.0422018e-06,-1.5264749e-07,1.0533214e-06,2.037632e-07,1.5264749e-07,2.1488279e-07,25.628925
0.5190727711,1.0,-8.093848e-07,-0.0,8.093848e-07,-1.0206388e-06,-1.5307681e-07,1.0320543e-06,2.1125402e-07,1.5307681e-07,2.2266954e-07,27.510962
0.5268247128,1.0,-7.8268476e-07,-0.0,7.8268476e-07,-9.997589e-07,-1.5343211e-07,1.0114638e-06,2.170741e-07,1.5343211e-07,2.2877907e-07,29.23004
0.5345765948,1.0,-7.580484e-07,-0.0,7.580484e-07,-9.788507e-07,-1.5377462e-07,9.908558e-07,2.2080235e-07,1.5377462e-07,2.3280745e-07,30.711424
0.5423285365,1.0,-7.3522824e-07,-0.0,7.3522824e-07,-9.57833e-07,-1.5411405e-07,9.701522e-07,2.2260474e-07,1.5411405e-07,2.3492396e-07,31.95252
0.5500804782,1.0,-7.1401064e-07,-0.0,7.1401064e-07,-9.37103e-07,-1.5439703e-07,9.4973706e-07,2.2309234e-07,1.5439703e-07,2.3572642e-07,33.014412
0.5578324199,1.0,-6.9422003e-07,-0.0,6.9422003e-07,-9.166892e-07,-1.5466337e-07,9.29645e-07,2.2246917e-07,1.5466337e-07,2.3542498e-07,33.912155
0.5655843616,1.0,-6.7570727e-07,-0.0,6.7570727e-07,-8.964293e-07,-1.549635e-07,9.0972475e-07,2.2072203e-07,1.549635e-07,2.3401748e-07,34.632965
0.5733363032,1.0,-6.583632e-07,-0.0,6.583632e-07,-8.77128e-07,-1.5524931e-07,8.9076144e-07,2.187648e-07,1.5524931e-07,2.3239824e-07,35.299397
0.5810882449,1.0,-6.419841e-07,-0.0,6.419841e-07,-8.5968645e-07,-1.5552867e-07,8.7364174e-07,2.1770234e-07,1.5552867e-07,2.3165762e-07,36.084633
0.5888401866,1.0,-6.264654e-07,-0.0,6.264654e-07,-8.4468763e-07,-1.557775e-07,8.589318e-07,2.1822223e-07,1.557775e-07,2.3246639e-07,37.107616
0.5965921283,1.0,-6.118589e-07,-0.0,6.118589e-07,-8.3138275e-07,-1.5601118e-07,8.45894e-07,2.1952383e-07,1.5601118e-07,2.340351e-07,38.249847
0.60434407,1.0,-5.981192e-07,-0.0,5.981192e-07,-8.1891164e-07,-1.5622022e-07,8.336792e-07,2.2079246e-07,1.5622022e-07,2.3556004e-07,39.38346
0.6120960116,1.0,-5.8506976e-07,-0.0,5.8506976e-07,-8.074505e-07,-1.564374e-07,8.2246515e-07,2.2238072e-07,1.564374e-07,2.373954e-07,40.575573
0.6198479533,1.0,-5.726388e-07,-0.0,5.726388e-07,-7.967398e-07,-1.5662516e-07,8.119888e-07,2.2410103e-07,1.5662516e-07,2.3935002e-07,41.79773
0.627599895,1.0,-5.607926e-07,-0.0,5.607926e-07,-7.867961e-07,-1.5638578e-07,8.0218734e-07,2.2600346e-07,1.5638578e-07,2.4139473e-07,43.045277
0.6353518367,1.0,-5.494785e-07,-0.0,5.494785e-07,-7.761596e-07,-1.5615667e-07,7.9171247e-07,2.266811e-07,1.5615667e-07,2.4223397e-07,44.08434
0.6431037784,1.0,-5.386528e-07,-0.0,5.386528e-07,-7.64637e-07,-1.5590821e-07,7.803699e-07,2.259842e-07,1.5590821e-07,2.417171e-07,44.87438
0.6508556604,1.0,-5.2827545e-07,-0.0,5.2827545e-07,-7.516118e-07,-1.5560389e-07,7.675499e-07,2.2333637e-07,1.5560389e-07,2.3927447e-07,45.293507
0.6586076021,1.0,-5.1831466e-07,-0.0,5.1831466e-07,-7.36301e-07,-1.5523305e-07,7.5248687e-07,2.1798633e-07,1.5523305e-07,2.341722e-07,45.179546
0.6663595438,1.0,-5.0873587e-07,-0.0,5.0873587e-07,-7.1837894e-07,-1.547662e-07,7.3486115e-07,2.0964308e-07,1.547662e-07,2.2612528e-07,44.448463
0.6741114855,1.0,-4.995136e-07,-0.0,4.995136e-07,-6.988346e-07,-1.5426961e-07,7.156597e-07,1.99321e-07,1.5426961e-07,2.1614613e-07,43.27132
0.6818634272,1.0,-4.9061964e-07,-0.0,4.9061964e-07,-6.795986e-07,-1.5379985e-07,6.967845e-07,1.8897896e-07,1.5379985e-07,2.0616488e-07,42.021328
0.6896153688,1.0,-4.820313e-07,-0.0,4.820313e-07,-6.623447e-07,-1.534088e-07,6.798785e-07,1.803134e-07,1.534088e-07,1.9784721e-07,41.044476
0.6973673105,1.0,-4.737267e-07,-0.0,4.737267e-07,-6.4674737e-07,-1.5313869e-07,6.646304e-07,1.7302068e-07,1.5313869e-07,1.9090373e-07,40.298286
0.7051192522,1.0,-4.6568402e-07,-0.0,4.6568402e-07,-6.324153e-07,-1.5287405e-07,6.5063017e-07,1.667313e-07,1.5287405e-07,1.8494615e-07,39.714943
0.7128711939,1.0,-4.578851e-07,-0.0,4.578851e-07,-6.188961e-07,-1.5259782e-07,6.374311e-07,1.6101097e-07,1.5259782e-07,1.7954602e-07,39.212025
0.7206231356,1.0,-4.5031265e-07,-0.0,4.5031265e-07,-6.07359e-07,-1.5248766e-07,6.262088e-07,1.5704637e-07,1.5248766e-07,1.7589616e-07,39.060898
0.7283750772,1.0,-4.4295302e-07,-0.0,4.4295302e-07,-5.976805e-07,-1.5252708e-07,6.168359e-07,1.547275e-07,1.5252708e-07,1.7388288e-07,39.25538
0.7361270189,1.0,-4.3579166e-07,-0.0,4.3579166e-07,-5.89085e-07,-1.5270413e-07,6.085554e-07,1.5329334e-07,1.5270413e-07,1.7276375e-07,39.643658
0.7438789606,1.0,-4.2881766e-07,-0.0,4.2881766e-07,-5.821019e-07,-1.5317802e-07,6.019187e-07,1.5328425e-07,1.5317802e-07,1.7310106e-07,40.367054
0.7516309023,1.0,-4.2201737e-07,-0.0,4.2201737e-07,-5.7716824e-07,-1.5338867e-07,5.9720287e-07,1.5515087e-07,1.5338867e-07,1.751855e-07,41.511444
0.759382844,1.0,-4.153817e-07,-0.0,4.153817e-07,-5.7330544e-07,-1.5360341e-07,5.93526e-07,1.5792375e-07,1.5360341e-07,1.7814432e-07,42.886898
0.7671347857,1.0,-4.089006e-07,-0.0,4.089006e-07,-5.703435e-07,-1.5377444e-07,5.9071e-07,1.614429e-07,1.5377444e-07,1.8180938e-07,44.46298
0.7748867273,1.0,-4.0257146e-07,-0.0,4.0257146e-07,-5.680118e-07,-1.5398524e-07,5.885141e-07,1.6544033e-07,1.5398524e-07,1.8594267e-07,46.188736
0.7826386094,1.0,-3.9638417e-07,-0.0,3.9638417e-07,-5.6616767e-07,-1.5422727e-07,5.8679797e-07,1.697835e-07,1.5422727e-07,1.904138e-07,48.03769
0.7903905511,1.0,-3.9033148e-07,-0.0,3.9033148e-07,-5.6491166e-07,-1.5447917e-07,5.8565263e-07,1.7458018e-07,1.5447917e-07,1.9532115e-07,50.039818
0.7981424928,1.0,-3.844143e-07,-0.0,3.844143e-07,-5.643872e-07,-1.5467488e-07,5.851985e-07,1.7997291e-07,1.5467488e-07,2.007842e-07,52.231197
0.8058944345,1.0,-3.7862446e-07,-0.0,3.7862446e-07,-5.6412665e-07,-1.5486388e-07,5.8499717e-07,1.8550219e-07,1.5486388e-07,2.063727e-07,54.50591
0.8136463761,1.0,-3.729665e-07,-0.0,3.729665e-07,-5.6393094e-07,-1.5505522e-07,5.8485915e-07,1.9096444e-07,1.5505522e-07,2.1189265e-07,56.812786
0.8213983178,1.0,-3.6743313e-07,-0.0,3.6743313e-07,-5.641421e-07,-1.5514743e-07,5.850872e-07,1.9670898e-07,1.5514743e-07,2.1765408e-07,59.236378
0.8291502595,1.0,-3.6202982e-07,-0.0,3.6202982e-07,-5.6474613e-07,-1.5523217e-07,5.856921e-07,2.0271631e-07,1.5523217e-07,2.2366225e-07,61.780064
0.8369022012,1.0,-3.5675475e-07,-0.0,3.5675475e-07,-5.662184e-07,-1.5520051e-07,5.8710344e-07,2.0946362e-07,1.5520051e-07,2.3034869e-07,64.567795
0.8446541429,1.0,-3.5161247e-07,-0.0,3.5161247e-07,-5.6791833e-07,-1.5512522e-07,5.8872325e-07,2.1630586e-07,1.5512522e-07,2.3711078e-07,67.43526
0.8524060845,1.0,-3.466048e-07,-0.0,3.466048e-07,-5.6976177e-07,-1.550206e-07,5.9047426e-07,2.2315697e-07,1.550206e-07,2.4386947e-07,70.35951
0.8601580262,1.0,-3.4173718e-07,-0.0,3.4173718e-07,-5.7195626e-07,-1.5485722e-07,5.925493e-07,2.3021909e-07,1.5485722e-07,2.5081215e-07,73.39329
0.8679099679,1.0,-3.3701872e-07,-0.0,3.3701872e-07,-5.7451155e-07,-1.5464519e-07,5.94961e-07,2.3749283e-07,1.5464519e-07,2.579423e-07,76.53649
0.8756619096,1.0,-3.3244942e-07,-0.0,3.3244942e-07,-5.7732706e-07,-1.5437543e-07,5.976105e-07,2.4487764e-07,1.5437543e-07,2.6516108e-07,79.75983
0.8834138513,1.0,-3.2804473e-07,-0.0,3.2804473e-07,-5.801434e-07,-1.5410451e-07,6.002621e-07,2.520987e-07,1.5410451e-07,2.722174e-07,82.98179
0.8911657929,1.0,-3.2381013e-07,-0.0,3.2381013e-07,-5.830436e-07,-1.5383262e-07,6.0299607e-07,2.5923345e-07,1.5383262e-07,2.7918594e-07,86.219025
0.898917675,1.0,-3.197565e-07,-0.0,3.197565e-07,-5.8591223e-07,-1.5353095e-07,6.0569374e-07,2.6615572e-07,1.5353095e-07,2.8593723e-07,89.42343
0.9066696167,1.0,-3.158957e-07,-0.0,3.158957e-07,-5.887503e-07,-1.5318369e-07,6.08352e-07,2.728546e-07,1.5318369e-07,2.9245632e-07,92.580025
0.9144215584,1.0,-3.1224408e-07,-0.0,3.1224408e-07,-5.9145003e-07,-1.528016e-07,6.1086945e-07,2.7920595e-07,1.528016e-07,2.9862537e-07,95.638435
0.9221735001,1.0,-3.0880892e-07,-0.0,3.0880892e-07,-5.939966e-07,-1.52429e-07,6.1324266e-07,2.851877e-07,1.52429e-07,3.0443374e-07,98.583206
0.9299254417,1.0,-3.0560932e-07,-0.0,3.0560932e-07,-5.964941e-07,-1.5204296e-07,6.155666e-07,2.9088477e-07,1.5204296e-07,3.0995727e-07,101.422714
0.9376773834,1.0,-3.0266256e-07,-0.0,3.0266256e-07,-5.9872195e-07,-1.5166559e-07,6.176329e-07,2.960594e-07,1.5166559e-07,3.1497035e-07,104.066505
0.9454293251,1.0,-2.999841e-07,-0.0,2.999841e-07,-6.0090366e-07,-1.5127264e-07,6.1965204e-07,3.0091957e-07,1.5127264e-07,3.1966795e-07,106.56164
0.9531812668,1.0,-2.9759394e-07,-0.0,2.9759394e-07,-6.032421e-07,-1.5085047e-07,6.218174e-07,3.0564814e-07,1.5085047e-07,3.2422344e-07,108.948265
0.9609332085,1.0,-2.9550938e-07,-0.0,2.9550938e-07,-6.057455e-07,-1.5052713e-07,6.241683e-07,3.1023615e-07,1.5052713e-07,3.2865893e-07,111.21776
0.9686851501,1.0,-2.9375133e-07,-0.0,2.9375133e-07,-6.08393e-07,-1.5028205e-07,6.2667914e-07,3.1464168e-07,1.5028205e-07,3.329278e-07,113.33661
0.9764370918,1.0,-2.9234434e-07,-0.0,2.9234434e-07,-6.109547e-07,-1.5003612e-07,6.2910766e-07,3.1861038e-07,1.5003612e-07,3.3676332e-07,115.19406
0.9841890335,1.0,-2.9131024e-07,-0.0,2.9131024e-07,-6.13277e-07,-1.4979052e-07,6.313049e-07,3.2196675e-07,1.4979052e-07,3.3999464e-07,116.71221
0.9919409752,1.0,-2.9068633e-07,-0.0,2.9068633e-07,-6.1485986e-07,-1.4958523e-07,6.327941e-07,3.2417353e-07,1.4958523e-07,3.421078e-07,117.68967
0.9996929169,1.0,-2.9047624e-07,-0.0,2.9047624e-07,-6.149986e-07,-1.4950301e-07,6.329095e-07,3.2452238e-07,1.4950301e-07,3.4243328e-07,117.886856
1.007444859,1.0,-2.9069633e-07,-0.0,2.9069633e-07,-6.134558e-07,-1.4956997e-07,6.3142636e-07,3.227595e-07,1.4956997e-07,3.4073003e-07,117.21166
1.0151968,1.0,-2.9138027e-07,-0.0,2.9138027e-07,-6.1051736e-07,-1.4975888e-07,6.286169e-07,3.191371e-07,1.4975888e-07,3.372366e-07,115.73762
1.022948742,1.0,-2.9258172e-07,-0.0,2.9258172e-07,-6.06736e-07,-1.500024e-07,6.2500345e-07,3.141543e-07,1.500024e-07,3.3242173e-07,113.616714
1.030700684,1.0,-2.9431612e-07,-0.0,2.9431612e-07,-6.0263096e-07,-1.5025826e-07,6.21081e-07,3.0831484e-07,1.5025826e-07,3.267649e-07,111.02515
1.038452625,1.0,-2.9660714e-07,-0.0,2.9660714e-07,-5.989186e-07,-1.5057337e-07,6.1755634e-07,3.0231143e-07,1.5057337e-07,3.209492e-07,108.20683
1.046204567,1.0,-2.9949024e-07,-0.0,2.9949024e-07,-5.9523023e-07,-1.5091253e-07,6.140632e-07,2.9574e-07,1.5091253e-07,3.1457296e-07,105.036125
1.053956509,1.0,-3.0299088e-07,-0.0,3.0299088e-07,-5.915033e-07,-1.5121468e-07,6.10526e-07,2.885124e-07,1.5121468e-07,3.0753512e-07,101.499794
1.06170845,1.0,-3.0714818e-07,-0.0,3.0714818e-07,-5.8809593e-07,-1.5153971e-07,6.0730645e-07,2.8094775e-07,1.5153971e-07,3.0015826e-07,97.72425
1.069460392,1.0,-3.1199306e-07,-0.0,3.1199306e-07,-5.850051e-07,-1.5175992e-07,6.043692e-07,2.7301206e-07,1.5175992e-07,2.9237611e-07,93.71238
1.077212334,1.0,-3.175619e-07,-0.0,3.175619e-07,-5.8333603e-07,-1.51823e-07,6.0276955e-07,2.6577413e-07,1.51823e-07,2.8520765e-07,89.81167
1.084964275,1.0,-3.2389016e-07,-0.0,3.2389016e-07,-5.8241363e-07,-1.5179684e-07,6.0187034e-07,2.5852347e-07,1.5179684e-07,2.7798018e-07,85.82545
1.092716217,1.0,-3.3101696e-07,-0.0,3.3101696e-07,-5.817415e-07,-1.5174822e-07,6.012077e-07,2.5072455e-07,1.5174822e-07,2.7019075e-07,81.62444
1.10046804,1.0,-3.3898596e-07,-0.0,3.3898596e-07,-5.8129007e-07,-1.5180264e-07,6.0078463e-07,2.423041e-07,1.5180264e-07,2.6179868e-07,77.22995
1.108219981,1.0,-3.4783898e-07,-0.0,3.4783898e-07,-5.810073e-07,-1.5184416e-07,6.0052156e-07,2.3316835e-07,1.5184416e-07,2.5268258e-07,72.64355
1.115971923,1.0,-3.576224e-07,-0.0,3.576224e-07,-5.812433e-07,-1.5189525e-07,6.007628e-07,2.2362087e-07,1.5189525e-07,2.431404e-07,67.98802
1.123723865,1.0,-3.6838628e-07,-0.0,3.6838628e-07,-5.8249094e-07,-1.5191723e-07,6.0197556e-07,2.1410466e-07,1.5191723e-07,2.3358928e-07,63.408787
1.131475806,1.0,-3.801897e-07,-0.0,3.801897e-07,-5.850765e-07,-1.5189575e-07,6.0447235e-07,2.0488682e-07,1.5189575e-07,2.2428264e-07,58.9923
1.139227748,1.0,-3.930918e-07,-0.0,3.930918e-07,-5.8913963e-07,-1.51844e-07,6.0839307e-07,1.9604784e-07,1.51844e-07,2.1530127e-07,54.771244
1.14697969,1.0,-4.0716077e-07,-0.0,4.0716077e-07,-5.944244e-07,-1.5171106e-07,6.1347913e-07,1.8726365e-07,1.5171106e-07,2.0631836e-07,50.672455
1.154731631,1.0,-4.2247848e-07,-0.0,4.2247848e-07,-6.0098165e-07,-1.5147533e-07,6.1977715e-07,1.7850317e-07,1.5147533e-07,1.9729868e-07,46.70029
1.162483573,1.0,-4.3913406e-07,-0.0,4.3913406e-07,-6.081308e-07,-1.511958e-07,6.266444e-07,1.6899673e-07,1.511958e-07,1.8751035e-07,42.700024
1.170235515,1.0,-4.5723482e-07,-0.0,4.5723482e-07,-6.162042e-07,-1.5077191e-07,6.343814e-07,1.5896939e-07,1.5077191e-07,1.771466e-07,38.743027
1.177987456,1.0,-4.7690537e-07,-0.0,4.7690537e-07,-6.252006e-07,-1.5025216e-07,6.4300195e-07,1.4829521e-07,1.5025216e-07,1.6609658e-07,34.827995
1.185739398,1.0,-4.982985e-07,-0.0,4.982985e-07,-6.3519093e-07,-1.4985393e-07,6.5262833e-07,1.3689242e-07,1.4985393e-07,1.5432983e-07,30.97136
1.19349134,1.0,-5.215961e-07,-0.0,5.215961e-07,-6.483732e-07,-1.4975059e-07,6.65442e-07,1.2677708e-07,1.4975059e-07,1.4384585e-07,27.578014
1.201243281,1.0,-5.470265e-07,-0.0,5.470265e-07,-6.6953737e-07,-1.500725e-07,6.8615014e-07,1.2251087e-07,1.500725e-07,1.3912364e-07,25.432705
1.208995223,1.0,-5.748707e-07,-0.0,5.748707e-07,-7.00918e-07,-1.5012675e-07,7.1681524e-07,1.2604733e-07,1.5012675e-07,1.4194455e-07,24.691563
1.216747165,1.0,-6.054861e-07,-0.0,6.054861e-07,-7.3892835e-07,-1.5002472e-07,7.5400436e-07,1.3344226e-07,1.5002472e-07,1.4851827e-07,24.528767
1.224499106,1.0,-6.393311e-07,-0.0,6.393311e-07,-7.870799e-07,-1.4965941e-07,8.0118207e-07,1.4774878e-07,1.4965941e-07,1.6185095e-07,25.31567
1.232251048,1.0,-6.7699875e-07,-0.0,6.7699875e-07,-8.4058416e-07,-1.4934442e-07,8.537479e-07,1.6358541e-07,1.4934442e-07,1.7674915e-07,26.107752
1.24000299,1.0,-7.19273e-07,-0.0,7.19273e-07,-9.0480745e-07,-1.4989389e-07,9.171394e-07,1.8553447e-07,1.4989389e-07,1.9786643e-07,27.509224
1.247754931,1.0,-7.672106e-07,-0.0,7.672106e-07,-9.914445e-07,-1.5292142e-07,1.0031686e-06,2.2423387e-07,1.5292142e-07,2.3595794e-07,30.755302
1.255506873,1.0,-8.2223414e-07,-3.5804693e-15,8.2223414e-07,-1.1005567e-06,-1.5979322e-07,1.1120966e-06,2.7832255e-07,1.5979322e-07,2.8986244e-07,35.25303
1.263258815,1.0,-8.863899e-07,-0.0,8.863899e-07,-1.2143021e-06,-1.6632505e-07,1.2256401e-06,3.2791218e-07,1.6632505e-07,3.3925016e-07,38.273243
1.271010756,1.0,-9.624255e-07,-0.0,9.624255e-07,-1.3316048e-06,-1.706709e-07,1.3424977e-06,3.6917936e-07,1.706709e-07,3.8007227e-07,39.491085
1.278762698,1.0,-1.0548683e-06,-0.0,1.0548683e-06,-1.461014e-06,-1.6700804e-07,1.4705283e-06,4.0614566e-07,1.6700804e-07,4.1566e-07,39.40397
1.28651464,1.0,-1.1693e-06,-0.0,1.1693e-06,-1.6026178e-06,-1.6305033e-07,1.6108908e-06,4.3331772e-07,1.6305033e-07,4.4159071e-07,37.76539
1.294266582,1.0,-1.3181825e-06,-0.0,1.3181825e-06,-1.7494034e-06,-1.5869196e-07,1.7565862e-06,4.3122088e-07,1.5869196e-07,4.3840373e-07,33.258198
1.302018523,1.0,-1.5126107e-06,-0.0,1.5126107e-06,-1.9091829e-06,-1.5388416e-07,1.9153745e-06,3.965722e-07,1.5388416e-07,4.0276382e-07,26.627064
1.309770465,1.0,-1.7988823e-06,-0.0,1.7988823e-06,-2.0955808e-06,-1.4923647e-07,2.100888e-06,2.9669854e-07,1.4923647e-07,3.0200567e-07,16.788519
1.317522407,1.0,-2.1893666e-06,-0.0,2.1893666e-06,-2.3587286e-06,-1.5012695e-07,2.3635014e-06,1.6936201e-07,1.5012695e-07,1.7413481e-07,7.953662
1.325274348,1.0,-2.904013e-06,-0.0,2.904013e-06,-2.9438922e-06,-1.5591813e-07,2.9480184e-06,3.9879296e-08,1.5591813e-07,4.4005446e-08,1.5153323
1.33302629,1.0,-3.8170924e-06,-0.0,3.8170924e-06,-4.279801e-06,-1.5251563e-07,4.2825177e-06,4.627086e-07,1.5251563e-07,4.6542527e-07,12.193189
1.340778112,1.0,-6.245617e-06,-0.0,6.245617e-06,-6.6114935e-06,-1.2466394e-07,6.6126686e-06,3.6587653e-07,1.2466394e-07,3.670516e-07,5.876947
1.348530054,1.0,-7.832896e-06,-0.0,7.832896e-06,-8.232573e-06,-8.9874746e-08,8.233064e-06,3.9967745e-07,8.9874746e-08,4.0016857e-07,5.1088204
0.3524060845,0.9961240292,-0.0,6.5036616e-06,6.5036616e-06,1.5268931e-07,6.8537975e-06,6.855498e-06,1.5268931e-07,3.501359e-07,3.5183666e-07,5.409824
0.3524060845,0.9883720875,-0.0,2.605819e-06,2.605819e-06,-3.2883858e-07,2.7182616e-06,2.7380797e-06,3.2883858e-07,1.1244265e-07,1.3226077e-07,5.075593
0.3524060845,0.9806201458,-0.0,2.077552e-06,2.077552e-06,-3.146479e-07,1.8048897e-06,1.8321109e-06,3.146479e-07,2.726622e-07,2.4544102e-07,11.813953
0.3524060845,0.9728682041,-0.0,1.5502434e-06,1.5502434e-06,-2.733444e-07,1.425676e-06,1.4516436e-06,2.733444e-07,1.2456735e-07,9.85998e-08,6.360278
0.3524060845,0.9651162624,-0.0,1.211741e-06,1.211741e-06,-2.5283538e-07,1.2373068e-06,1.2628752e-06,2.5283538e-07,2.5565782e-08,5.113418e-08,4.2198935
0.3524060845,0.9573643208,-0.0,9.710051e-07,9.710051e-07,-2.412618e-07,1.0925621e-06,1.118883e-06,2.412618e-07,1.2155704e-07,1.4787793e-07,15.229366
0.3524060845,0.9496123791,-0.0,7.935775e-07,7.935775e-07,-2.3219533e-07,9.511159e-07,9.790487e-07,2.3219533e-07,1.5753841e-07,1.8547115e-07,23.371523
0.3524060845,0.9418604374,-0.0,6.6586756e-07,6.6586756e-07,-2.3766539e-07,8.2219736e-07,8.558582e-07,2.3766539e-07,1.563298e-07,1.8999066e-07,28.5328
0.3524060845,0.9341084957,-0.0,5.686165e-07,5.686165e-07,-2.5230474e-07,7.036099e-07,7.474788e-07,2.5230474e-07,1.349934e-07,1.7886231e-07,31.455702
0.3524060845,0.9263566136,-0.0,4.935835e-07,4.935835e-07,-2.61731e-07,6.0635625e-07,6.604324e-07,2.61731e-07,1.1277274e-07,1.668489e-07,33.80358
0.3524060845,0.918604672,-0.0,4.3396304e-07,4.3396304e-07,-2.6578735e-07,5.169139e-07,5.8124255e-07,2.6578735e-07,8.2950834e-08,1.4727951e-07,33.938263
0.3524060845,0.9108527303,-0.0,3.8582846e-07,3.8582846e-07,-2.703858e-07,4.3036536e-07,5.082547e-07,2.703858e-07,4.4536904e-08,1.2242623e-07,31.730742
0.3524060845,0.9031007886,-0.0,3.4628977e-07,3.4628977e-07,-2.7639663e-07,3.6787287e-07,4.6013645e-07,2.7639663e-07,2.1583105e-08,1.1384668e-07,32.87613
0.3524060845,0.8953488469,-0.0,3.1339397e-07,3.1339397e-07,-2.7844348e-07,3.2501885e-07,4.2798132e-07,2.7844348e-07,1.1624877e-08,1.1458735e-07,36.563354
0.3524060845,0.8875969052,-0.0,2.8570042e-07,2.8570042e-07,-2.7573225e-07,2.940605e-07,4.031127e-07,2.7573225e-07,8.360075e-09,1.1741227e-07,41.096287
0.3524060845,0.8798449636,-0.0,2.6215434e-07,2.6215434e-07,-2.727398e-07,2.6603502e-07,3.8100083e-07,2.727398e-07,3.880672e-09,1.18846486e-07,45.33455
0.3524060845,0.8720930219,-0.0,2.419561e-07,2.419561e-07,-2.6944195e-07,2.4075553e-07,3.6133392e-07,2.6944195e-07,1.2005614e-09,1.1937783e-07,49.338634
0.3524060845,0.8643410802,-0.0,2.24492e-07,2.24492e-07,-2.6646316e-07,2.1825096e-07,3.444359e-07,2.6646316e-07,6.241038e-09,1.199439e-07,53.42903
0.3524060845,0.8565891385,-0.0,2.0928329e-07,2.0928329e-07,-2.6518623e-07,1.981187e-07,3.3102077e-07,2.6518623e-07,1.11645875e-08,1.2173749e-07,58.16875
0.3524060845,0.8488371968,-0.0,1.9595088e-07,1.9595088e-07,-2.6780563e-07,1.8140575e-07,3.234624e-07,2.6780563e-07,1.4545122e-08,1.2751151e-07,65.0732
0.3524060845,0.8410852551,-0.0,1.8419193e-07,1.8419193e-07,-2.7054176e-07,1.6643664e-07,3.1763815e-07,2.7054176e-07,1.7755298e-08,1.3344622e-07,72.44954
0.3524060845,0.8333333135,-0.0,1.7376142e-07,1.7376142e-07,-2.720865e-07,1.5516527e-07,3.1322088e-07,2.720865e-07,1.8596154e-08,1.3945946e-07,80.259155
0.3524060845,0.8255813718,-0.0,1.6445962e-07,1.6445962e-07,-2.7234572e-07,1.4715205e-07,3.095576e-07,2.7234572e-07,1.730757e-08,1.4509799e-07,88.22711
0.3524060845,0.8178294301,-0.0,1.5612237e-07,1.5612237e-07,-2.7259298e-07,1.3962648e-07,3.0627191e-07,2.7259298e-07,1.6495889e-08,1.5014955e-07,96.174255
0.3524060845,0.810077548,-0.0,1.486134e-07,1.486134e-07,-2.7278716e-07,1.3259245e-07,3.0330446e-07,2.7278716e-07,1.6020948e-08,1.5469107e-07,104.08957
0.3524060845,0.8023256063,-0.0,1.4181951e-07,1.4181951e-07,-2.7290505e-07,1.2619593e-07,3.0067022e-07,2.7290505e-07,1.5623584e-08,1.5885071e-07,112.00905
0.3524060845,0.7945736647,-0.0,1.3564534e-07,1.3564534e-07,-2.7288942e-07,1.2044205e-07,2.9828664e-07,2.7288942e-07,1.5203284e-08,1.626413e-07,119.90186
0.3524060845,0.786821723,-0.0,1.3001049e-07,1.3001049e-07,-2.7276647e-07,1.1525456e-07,2.9611678e-07,2.7276647e-07,1.4755933e-08,1.6610629e-07,127.76375
0.3524060845,0.7790697813,-0.0,1.248469e-07,1.248469e-07,-2.7260518e-07,1.1011263e-07,2.9400402e-07,2.7260518e-07,1.4734276e-08,1.6915712e-07,135.49162
0.3524060845,0.7713178396,-0.0,1.200965e-07,1.200965e-07,-2.7240756e-07,1.0544557e-07,2.9210383e-07,2.7240756e-07,1.4650929e-08,1.7200733e-07,143.22426
0.3524060845,0.7635658979,-0.0,1.1570945e-07,1.1570945e-07,-2.7223635e-07,1.00911976e-07,2.9033748e-07,2.7223635e-07,1.4797472e-08,1.7462804e-07,150.91942
0.3524060845,0.7558139563,-0.0,1.1164301e-07,1.1164301e-07,-2.7217442e-07,9.66816e-08,2.8883602e-07,2.7217442e-07,1.4961408e-08,1.7719302e-07,158.71393
0.3524060845,0.7480620146,-0.0,1.07860174e-07,1.07860174e-07,-2.7212732e-07,9.26394e-08,2.8746362e-07,2.7212732e-07,1.5220778e-08,1.7960345e-07,166.51506
0.3524060845,0.7403100729,-0.0,1.0432899e-07,1.0432899e-07,-2.7151805e-07,8.9434565e-08,2.8586814e-07,2.7151805e-07,1.4894425e-08,1.8153915e-07,174.00641
0.3524060845,0.7325581312,-0.0,1.01021556e-07,1.01021556e-07,-2.7087887e-07,8.6215735e-08,2.842684e-07,2.7087887e-07,1.4805821e-08,1.8324684e-07,181.39378
0.3524060845,0.7248061895,-0.0,9.791358e-08,9.791358e-08,-2.7028773e-07,8.300238e-08,2.827452e-07,2.7028773e-07,1.4911201e-08,1.848316e-07,188.77014
0.3524060845,0.7170542479,-0.0,9.498378e-08,9.498378e-08,-2.6975405e-07,7.997204e-08,2.813588e-07,2.6975405e-07,1.5011743e-08,1.8637502e-07,196.21771
0.3524060845,0.7093023062,-0.0,9.2213526e-08,9.2213526e-08,-2.6922066e-07,7.6982786e-08,2.8001094e-07,2.6922066e-07,1.523074e-08,1.8779741e-07,203.65494
0.3524060845,0.7015503645,-0.0,8.958633e-08,8.958633e-08,-2.686289e-07,-7.919205e-08,2.8005866e-07,2.686289e-07,1.6877837e-07,1.9047232e-07,212.61313
0.3524060845,0.6937984228,-0.0,8.708779e-08,8.708779e-08,-2.679886e-07,-8.258699e-08,2.8042558e-07,2.679886e-07,1.6967479e-07,1.933378e-07,222.00331
0.3524060845,0.6860464811,-0.0,8.470502e-08,8.470502e-08,-2.6732562e-07,-8.6020634e-08,2.8082474e-07,2.6732562e-07,1.7072566e-07,1.9611971e-07,231.53255
0.3524060845,0.6782945991,-0.0,8.2426816e-08,8.2426816e-08,-2.6672146e-07,-8.924684e-08,2.8125672e-07,2.6672146e-07,1.7167366e-07,1.988299e-07,241.21991
0.3524060845,0.6705426574,-0.0,8.024302e-08,8.024302e-08,-2.663431e-07,-9.240678e-08,2.8191783e-07,2.663431e-07,1.726498e-07,2.0167482e-07,251.33005
0.3524060845,0.6627907157,-0.0,7.814471e-08,7.814471e-08,-2.659405e-07,-9.550663e-08,2.825701e-07,2.659405e-07,1.7365133e-07,2.044254e-07,261.59848
0.3524060845,0.655038774,-0.0,7.612401e-08,7.612401e-08,-2.6553954e-07,-9.814355e-08,2.830961e-07,2.6553954e-07,1.7426757e-07,2.069721e-07,271.88803
0.3524060845,0.6472868323,-0.0,7.417379e-08,7.417379e-08,-2.6513842e-07,-1.0062328e-07,2.8359025e-07,2.6513842e-07,1.7479707e-07,2.0941647e-07,282.33212
0.3524060845,0.6395348907,-0.0,7.228776e-08,7.228776e-08,-2.6503906e-07,-1.02263584e-07,2.8408368e-07,2.6503906e-07,1.7455135e-07,2.1179592e-07,292.99
0.3524060845,0.631782949,-0.0,7.0460345e-08,7.0460345e-08,-2.6492415e-07,-1.0384479e-07,2.845497e-07,2.6492415e-07,1.7430514e-07,2.1408937e-07,303.84375
0.3524060845,0.6240310073,-0.0,6.8686504e-08,6.8686504e-08,-2.6480933e-07,-1.0538637e-07,2.8500924e-07,2.6480933e-07,1.7407288e-07,2.1632273e-07,314.9421
0.3524060845,0.6162790656,-0.0,6.6961796e-08,6.6961796e-08,-2.6470045e-07,-1.0689055e-07,2.8546788e-07,2.6470045e-07,1.7385236e-07,2.1850607e-07,326.31448
0.3524060845,0.6085271239,-0.0,6.5282194e-08,6.5282194e-08,-2.645944e-07,-1.0836056e-07,2.8592345e-07,2.645944e-07,1.7364275e-07,2.2064125e-07,337.9807
0.3524060845,0.6007751822,-0.0,6.364419e-08,6.364419e-08,-2.6449223e-07,-1.0979769e-07,2.863768e-07,2.6449223e-07,1.7344188e-07,2.2273261e-07,349.96533
0.3524060845,0.5930232406,-0.0,6.204457e-08,6.204457e-08,-2.6439156e-07,-1.1122135e-07,2.8683286e-07,2.6439156e-07,1.7326592e-07,2.247883e-07,362.30127
0.3524060845,0.5852712989,-1.1188966e-16,6.0480545e-08,6.0480545e-08,-2.6429004e-07,-1.126396e-07,2.8729235e-07,2.6429004e-07,1.7312014e-07,2.268118e-07,375.01608
0.3524060845,0.5775193572,-0.0,5.894956e-08,5.894956e-08,-2.6418581e-07,-1.1402272e-07,2.8774178e-07,2.6418581e-07,1.7297228e-07,2.2879223e-07,388.11517
0.3524060845,0.5697674155,-0.0,5.7449387e-08,5.7449387e-08,-2.6407014e-07,-1.1535321e-07,2.8816558e-07,2.6407014e-07,1.728026e-07,2.307162e-07,401.59897
0.3524060845,0.5620155334,-0.0,5.597806e-08,5.597806e-08,-2.6394443e-07,-1.1664342e-07,2.8856948e-07,2.6394443e-07,1.7262148e-07,2.3259142e-07,415.50455
0.3524060845,0.5542635918,-0.0,5.4533814e-08,5.4533814e-08,-2.638142e-07,-1.17912805e-07,2.8896602e-07,2.638142e-07,1.7244662e-07,2.344322e-07,429.88406
0.3524060845,0.5465116501,-0.0,5.3115055e-08,5.3115055e-08,-2.6369992e-07,-1.1921368e-07,2.8939513e-07,2.6369992e-07,1.7232874e-07,2.3628007e-07,444.84567
0.3524060845,0.5387597084,-0.0,5.1720377e-08,5.1720377e-08,-2.6364228e-07,-1.2056647e-07,2.899026e-07,2.6364228e-07,1.7228685e-07,2.3818222e-07,460.51904
0.3524060845,0.5310077667,-0.0,5.03486e-08,5.03486e-08,-2.6358973e-07,-1.219082e-07,2.904155e-07,2.6358973e-07,1.722568e-07,2.400669e-07,476.80936
0.3524060845,0.523255825,-0.0,4.899861e-08,4.899861e-08,-2.6353356e-07,-1.2323802e-07,2.9092533e-07,2.6353356e-07,1.7223664e-07,2.4192673e-07,493.74188
0.3524060845,0.5155038834,-0.0,4.766947e-08,4.766947e-08,-2.6347263e-07,-1.2456837e-07,2.9143627e-07,2.6347263e-07,1.7223785e-07,2.437668e-07,511.3687
0.3524060845,0.5077519417,-0.0,4.636034e-08,4.636034e-08,-2.6338662e-07,-1.2590736e-07,2.919335e-07,2.6338662e-07,1.722677e-07,2.4557318e-07,529.70514
0.3524060845,0.5,-0.0,4.5070486e-08,4.5070486e-08,-2.6327373e-07,-1.273143e-07,2.9244143e-07,2.6327373e-07,1.7238477e-07,2.4737093e-07,548.85333
0.3524060845,0.4922480583,-0.0,4.3799258e-08,4.3799258e-08,-2.6312776e-07,-1.2878222e-07,2.9295234e-07,2.6312776e-07,1.7258148e-07,2.491531e-07,568.8522
0.3524060845,0.4844961166,-0.0,4.25461e-08,4.25461e-08,-2.6293955e-07,-1.3023865e-07,2.9342684e-07,2.6293955e-07,1.7278475e-07,2.5088073e-07,589.6678
0.3524060845,0.476744175,-0.0,4.1310535e-08,4.1310535e-08,-2.627132e-07,-1.3160864e-07,2.938351e-07,2.627132e-07,1.7291919e-07,2.5252456e-07,611.2835
0.3524060845,0.4689922333,-0.0,4.0092118e-08,4.0092118e-08,-2.6245857e-07,-1.3283967e-07,2.941613e-07,2.6245857e-07,1.7293179e-07,2.540692e-07,633.7134
0.3524060845,0.4612403214,-0.0,3.889052e-08,3.889052e-08,-2.6223546e-07,-1.3389716e-07,2.9444163e-07,2.6223546e-07,1.7278768e-07,2.5555113e-07,657.10376
0.3524060845,0.4534883797,-0.0,3.7705387e-08,3.7705387e-08,-2.6203307e-07,-1.3489792e-07,2.9471812e-07,2.6203307e-07,1.7260331e-07,2.5701274e-07,681.6338
0.3524060845,0.445736438,-0.0,3.6536463e-08,3.6536463e-08,-2.6189966e-07,-1.3575097e-07,2.949911e-07,2.6189966e-07,1.7228743e-07,2.5845463e-07,707.388
0.3524060845,0.4379844964,-0.0,3.538352e-08,3.538352e-08,-2.620208e-07,-1.3613446e-07,2.9527527e-07,2.620208e-07,1.7151798e-07,2.5989175e-07,734.4992
0.3524060845,0.4302325547,-0.0,3.4246355e-08,3.4246355e-08,-2.6213516e-07,-1.3650374e-07,2.9554712e-07,2.6213516e-07,1.707501e-07,2.6130078e-07,763.003
0.3524060845,0.422480613,-0.0,3.3124813e-08,3.3124813e-08,-2.6222915e-07,-1.3684915e-07,2.9579016e-07,2.6222915e-07,1.6997396e-07,2.6266534e-07,792.9562
0.3524060845,0.4147286713,-0.0,3.2018743e-08,3.2018743e-08,-2.622939e-07,-1.3717384e-07,2.959979e-07,2.622939e-07,1.6919259e-07,2.6397916e-07,824.4517
0.3524060845,0.4069767594,-0.0,3.0928025e-08,3.0928025e-08,-2.6235026e-07,-1.3748556e-07,2.9619238e-07,2.6235026e-07,1.6841358e-07,2.6526436e-07,857.6825
0.3524060845,0.3992248178,-0.0,2.9852597e-08,2.9852597e-08,-2.6252755e-07,-1.3781438e-07,2.9650212e-07,2.6252755e-07,1.6766698e-07,2.6664952e-07,893.2202
0.3524060845,0.3914728761,-0.0,2.8792346e-08,2.8792346e-08,-2.6270035e-07,-1.3813617e-07,2.9680479e-07,2.6270035e-07,1.6692852e-07,2.6801243e-07,930.84576
0.3524060845,0.3837209344,-0.0,2.774723e-08,2.774723e-08,-2.6287776e-07,-1.3844108e-07,2.9710375e-07,2.6287776e-07,1.6618831e-07,2.6935652e-07,970.7506
0.3524060845,0.3759689927,-0.0,2.6717226e-08,2.6717226e-08,-2.6306336e-07,-1.3874315e-07,2.974088e-07,2.6306336e-07,1.6546038e-07,2.7069157e-07,1013.17206
0.3524060845,0.368217051,-0.0,2.5702288e-08,2.5702288e-08,-2.632636e-07,-1.3905289e-07,2.9773045e-07,2.632636e-07,1.6475518e-07,2.7202816e-07,1058.3807
0.3524060845,0.3604651093,-0.0,2.4702413e-08,2.4702413e-08,-2.6346672e-07,-1.3935642e-07,2.9805187e-07,2.6346672e-07,1.6405883e-07,2.7334946e-07,1106.5693
0.3524060845,0.3527131677,-0.0,2.371761e-08,2.371761e-08,-2.6365953e-07,-1.3964016e-07,2.9835502e-07,2.6365953e-07,1.6335777e-07,2.7463742e-07,1157.9468
0.3524060845,0.344961226,-0.0,2.2747889e-08,2.2747889e-08,-2.6382182e-07,-1.3985662e-07,2.985998e-07,2.6382182e-07,1.6260451e-07,2.758519e-07,1212.6478
0.3524060845,0.3372093141,-0.0,2.17933e-08,2.17933e-08,-2.6396958e-07,-1.400355e-07,2.9881411e-07,2.6396958e-07,1.618288e-07,2.770208e-07,1271.1277
0.3524060845,0.3294573724,-0.0,2.0853879e-08,2.0853879e-08,-2.6413886e-07,-1.4019592e-07,2.9903885e-07,2.6413886e-07,1.610498e-07,2.7818496e-07,1333.9716
0.3524060845,0.3217054307,-0.0,1.992969e-08,1.992969e-08,-2.643008e-07,-1.4032899e-07,2.9924428e-07,2.643008e-07,1.6025868e-07,2.7931458e-07,1401.499
0.3524060845,0.3139534891,-0.0,1.9020817e-08,1.9020817e-08,-2.644546e-07,-1.4045155e-07,2.994376e-07,2.644546e-07,1.5947236e-07,2.8041677e-07,1474.2617
0.3524060845,0.3062015474,-0.0,1.8127352e-08,1.8127352e-08,-2.6460214e-07,-1.4056683e-07,2.9962197e-07,2.6460214e-07,1.5869418e-07,2.8149464e-07,1552.8715
0.3524060845,0.2984496057,-0.0,1.724943e-08,1.724943e-08,-2.6474467e-07,-1.406772e-07,2.9979964e-07,2.6474467e-07,1.5792664e-07,2.8255022e-07,1638.0253
0.3524060845,0.290697664,-0.0,1.6387178e-08,1.6387178e-08,-2.648815e-07,-1.407826e-07,2.999699e-07,2.648815e-07,1.5716978e-07,2.8358272e-07,1730.5148
0.3524060845,0.2829457521,-0.0,1.5540762e-08,1.5540762e-08,-2.6502167e-07,-1.4089086e-07,3.001445e-07,2.6502167e-07,1.5643162e-07,2.8460374e-07,1831.3358
0.3524060845,0.2751938105,-0.0,1.4710381e-08,1.4710381e-08,-2.6517407e-07,-1.410124e-07,3.0033613e-07,2.6517407e-07,1.5572279e-07,2.8562573e-07,1941.6598
0.3524060845,0.2674418688,-0.0,1.3896247e-08,1.3896247e-08,-2.6532518e-07,-1.4113117e-07,3.005253e-07,2.6532518e-07,1.5502741e-07,2.8662905e-07,2062.635
0.3524060845,0.2596899271,-0.0,1.3098596e-08,1.3098596e-08,-2.6547477e-07,-1.4124844e-07,3.0071246e-07,2.6547477e-07,1.5434703e-07,2.8761386e-07,2195.7593
0.3524060845,0.2519379854,-0.0,1.2317705e-08,1.2317705e-08,-2.6562262e-07,-1.4136494e-07,3.0089768e-07,2.6562262e-07,1.5368263e-07,2.8857997e-07,2342.8044
0.3524060845,0.2441860437,-0.0,1.1553763e-08,1.1553763e-08,-2.6576853e-07,-1.4148033e-07,3.0108072e-07,2.6576853e-07,1.530341e-07,2.8952695e-07,2505.9082
0.3524060845,0.2364341021,-0.0,1.0807136e-08,1.0807136e-08,-2.6591155e-07,-1.4159347e-07,3.0126014e-07,2.6591155e-07,1.5240062e-07,2.9045302e-07,2687.6016
0.3524060845,0.2286821753,-0.0,1.0078211e-08,1.0078211e-08,-2.6605372e-07,-1.4170861e-07,3.014397e-07,2.6605372e-07,1.5178682e-07,2.913615e-07,2891.0012
0.3524060845,0.2209302336,-0.0,9.3675565e-09,9.3675565e-09,-2.661982e-07,-1.4183216e-07,3.0162533e-07,2.661982e-07,1.5119971e-07,2.9225777e-07,3119.8901
0.3524060845,0.2131782919,-0.0,8.675317e-09,8.675317e-09,-2.6634362e-07,-1.4196264e-07,3.0181502e-07,2.6634362e-07,1.5063796e-07,2.931397e-07,3379.0046
0.3524060845,0.2054263651,-0.0,8.002318e-09,8.002318e-09,-2.6648945e-07,-1.42108e-07,3.020121e-07,2.6648945e-07,1.5011031e-07,2.9400977e-07,3674.0532
0.3524060845,0.1976744235,-0.0,7.3494544e-09,7.3494544e-09,-2.666355e-07,-1.4225643e-07,3.0221082e-07,2.666355e-07,1.4960588e-07,2.9486137e-07,4012.0112
0.3524060845,0.1899224818,-0.0,6.7178787e-09,6.7178787e-09,-2.6677708e-07,-1.4239689e-07,3.0240184e-07,2.6677708e-07,1.4911477e-07,2.9568398e-07,4401.442
0.3524060845,0.1821705401,-0.0,6.109977e-09,6.109977e-09,-2.6691512e-07,-1.4253216e-07,3.0258735e-07,2.6691512e-07,1.4864213e-07,2.9647737e-07,4852.3403
0.3524060845,0.1744185984,-0.0,5.519993e-09,5.519993e-09,-2.6704973e-07,-1.4266412e-07,3.0276826e-07,2.6704973e-07,1.4818411e-07,2.9724828e-07,5384.9297
0.3524060845,0.1666666716,-0.0,4.94679e-09,4.94679e-09,-2.6718084e-07,-1.4279205e-07,3.0294416e-07,2.6718084e-07,1.4773883e-07,2.9799736e-07,6024.0425
0.3524060845,0.15891473,-0.0,4.3973567e-09,4.3973567e-09,-2.6731405e-07,-1.4291803e-07,3.0312106e-07,2.6731405e-07,1.4731538e-07,2.987237e-07,6793.24
0.3524060845,0.1511627883,-0.0,3.8773478e-09,3.8773478e-09,-2.674456e-07,-1.4304025e-07,3.0329468e-07,2.674456e-07,1.469176e-07,2.9941734e-07,7722.2
0.3524060845,0.1434108615,-0.0,3.3872498e-09,3.3872498e-09,-2.67574e-07,-1.4315923e-07,3.0346402e-07,2.67574e-07,1.4654648e-07,3.0007678e-07,8858.982
0.3524060845,0.1356589198,-0.0,2.9198772e-09,2.9198772e-09,-2.6769928e-07,-1.4327524e-07,3.036292e-07,2.6769928e-07,1.4619512e-07,3.0070933e-07,10298.662
0.3524060845,0.1279069781,-0.0,2.4787994e-09,2.4787994e-09,-2.678215e-07,-1.4338845e-07,3.037904e-07,2.678215e-07,1.4586725e-07,3.013116e-07,12155.496
0.3524060845,0.1201550364,-0.0,2.0663575e-09,2.0663575e-09,-2.6794075e-07,-1.4349881e-07,3.0394762e-07,2.6794075e-07,1.4556517e-07,3.0188127e-07,14609.272
0.3524060845,0.1124031022,-0.0,1.6840226e-09,1.6840226e-09,-2.6805705e-07,-1.4360647e-07,3.0410098e-07,2.6805705e-07,1.452905e-07,3.0241696e-07,17957.904
0.3524060845,0.104651168,-0.0,1.3330477e-09,1.3330477e-09,-2.6817054e-07,-1.4371146e-07,3.042506e-07,2.6817054e-07,1.4504451e-07,3.0291756e-07,22723.516
0.3524060845,0.09689922631,-0.0,1.0149249e-09,1.0149249e-09,-2.682813e-07,-1.43814e-07,3.0439665e-07,2.682813e-07,1.4482893e-07,3.0338174e-07,29891.742
0.3524060845,0.08914728463,-0.0,7.3131395e-10,7.3131395e-10,-2.683889e-07,-1.4391377e-07,3.0453864e-07,2.683889e-07,1.4464509e-07,3.0380733e-07,41542.098
0.3524060845,0.0813953504,-0.0,4.829172e-10,4.829172e-10,-2.6849042e-07,-1.4400835e-07,3.046728e-07,2.6849042e-07,1.4449127e-07,3.0418988e-07,62988.76
0.3524060845,0.07364341617,-0.0,2.7405916e-10,2.7405916e-10,-2.685852e-07,-1.4409883e-07,3.047991e-07,2.685852e-07,1.4437289e-07,3.0452503e-07,111112.48
0.3524060845,0.06589147449,-0.0,1.0250697e-10,1.0250697e-10,-2.6867403e-07,-1.4418707e-07,3.0491907e-07,2.6867403e-07,1.4428957e-07,3.0481655e-07,297332.78
0.3524060845,0.0581395328,-0.0,-3.2562137e-11,3.2562137e-11,-2.687606e-07,-1.442774e-07,3.0503807e-07,2.687606e-07,1.4424484e-07,3.050055e-07,936400.1
0.3524060845,0.05038759857,-0.0,-1.2128275e-10,1.2128275e-10,-2.68845e-07,-1.4436719e-07,3.051549e-07,2.68845e-07,1.442459e-07,3.0503364e-07,251485.45
0.3524060845,0.04263565689,-0.0,-1.7142952e-10,1.7142952e-10,-2.689264e-07,-1.4445361e-07,3.0526752e-07,2.689264e-07,1.4428218e-07,3.0509608e-07,177961.34
0.3524060845,0.03488372266,-0.0,-1.8976719e-10,1.8976719e-10,-2.6900673e-07,-1.4453785e-07,3.0537814e-07,2.6900673e-07,1.4434808e-07,3.0518837e-07,160814.03
0.3524060845,0.02713178284,-0.0,-1.6501106e-10,1.6501106e-10,-2.6907946e-07,-1.446077e-07,3.0547528e-07,2.6907946e-07,1.4444268e-07,3.0531027e-07,185012.9
0.3524060845,0.01937984489,-0.0,-1.1384762e-10,1.1384762e-10,-2.6914213e-07,-1.4474712e-07,3.055965e-07,2.6914213e-07,1.4463328e-07,3.0548264e-07,268302.34
0.3524060845,0.01162790693,-0.0,-5.852478e-11,5.852478e-11,-2.6859416e-07,-1.443421e-07,3.0492205e-07,2.6859416e-07,1.4428358e-07,3.0486353e-07,520824.62
0.3524060845,0.003875968978,-0.0,-2.5322426e-12,2.5322426e-12,-2.6848474e-07,-1.4441414e-07,3.048598e-07,2.6848474e-07,1.4441162e-07,3.0485728e-07,1.1991667e+07
0.3562820554,0.0,2.496896e-12,-0.0,2.496896e-12,-2.7220784e-07,-1.4558647e-07,3.0869487e-07,2.7221034e-07,1.4558647e-07,3.0869236e-07,1.2313729e+07
0.3640339971,0.0,5.847362e-11,-0.0,5.847362e-11,-2.7760555e-07,-1.4751025e-07,3.1436304e-07,2.7766401e-07,1.4751025e-07,3.1430457e-07,537423.25
0.3717859387,0.0,1.13642755e-10,-0.0,1.13642755e-10,-2.818727e-07,-1.5024304e-07,3.1941383e-07,2.8198633e-07,1.5024304e-07,3.193002e-07,280943.66
0.3795378506,0.0,1.6437945e-10,-0.0,1.6437945e-10,-2.826731e-07,-1.5043288e-07,3.2020952e-07,2.828375e-07,1.5043288e-07,3.2004513e-07,194687.14
0.3872897923,0.0,1.8848884e-10,-0.0,1.8848884e-10,-2.829145e-07,-1.503049e-07,3.2036257e-07,2.83103e-07,1.503049e-07,3.2017408e-07,169854.66
0.395041734,0.0,1.6962194e-10,-0.0,1.6962194e-10,-2.8326292e-07,-1.5030149e-07,3.206687e-07,2.8343254e-07,1.5030149e-07,3.2049908e-07,188937.92
0.4027936757,0.0,1.1916301e-10,-0.0,1.1916301e-10,-2.8362018e-07,-1.5030288e-07,3.2098498e-07,2.8373935e-07,1.5030288e-07,3.208658e-07,269243.7
0.4105456173,0.0,3.090165e-11,-0.0,3.090165e-11,-2.8397847e-07,-1.503063e-07,3.2130322e-07,2.8400936e-07,1.503063e-07,3.2127232e-07,1.0393245e+06
0.418297559,0.0,-1.0202108e-10,-0.0,1.0202108e-10,-2.8433206e-07,-1.5031185e-07,3.2161836e-07,2.8423003e-07,1.5031185e-07,3.2151632e-07,315116.06
0.4260495007,0.0,-2.6926808e-10,-0.0,2.6926808e-10,-2.8467744e-07,-1.5033766e-07,3.219358e-07,2.8440817e-07,1.5033766e-07,3.2166653e-07,119455.15
0.4338014126,0.0,-4.70923e-10,-0.0,4.70923e-10,-2.8500816e-07,-1.5038465e-07,3.222502e-07,2.8453724e-07,1.5038465e-07,3.2177928e-07,68328.04
0.4415533543,0.0,-7.080823e-10,-0.0,7.080823e-10,-2.853383e-07,-1.5045838e-07,3.225766e-07,2.8463023e-07,1.5045838e-07,3.2186853e-07,45455.73
0.4493052959,0.0,-9.756292e-10,-0.0,9.756292e-10,-2.8571353e-07,-1.5056871e-07,3.2296e-07,2.847379e-07,1.5056871e-07,3.2198437e-07,33002.402
0.4570572376,0.0,-1.2718822e-09,-0.0,1.2718822e-09,-2.8614414e-07,-1.5071028e-07,3.2340697e-07,2.8487227e-07,1.5071028e-07,3.221351e-07,25327.234
0.4648091793,0.0,-1.5942395e-09,-0.0,1.5942395e-09,-2.8658718e-07,-1.508476e-07,3.2386293e-07,2.8499295e-07,1.508476e-07,3.222687e-07,20214.445
0.472561121,0.0,-1.9403261e-09,-0.0,1.9403261e-09,-2.8704164e-07,-1.5097412e-07,3.2432405e-07,2.8510132e-07,1.5097412e-07,3.2238373e-07,16614.84
0.4803130627,0.0,-2.3078182e-09,-0.0,2.3078182e-09,-2.8748775e-07,-1.5108269e-07,3.2476945e-07,2.8517994e-07,1.5108269e-07,3.2246163e-07,13972.515
0.4880650043,0.0,-2.6946392e-09,-0.0,2.6946392e-09,-2.878915e-07,-1.5117469e-07,3.2516968e-07,2.8519688e-07,1.5117469e-07,3.2247505e-07,11967.237
0.495816946,0.0,-3.0977352e-09,-0.0,3.0977352e-09,-2.8823132e-07,-1.5126405e-07,3.2551208e-07,2.8513358e-07,1.5126405e-07,3.2241434e-07,10408.033
0.5035688877,0.0,-3.5142016e-09,-0.0,3.5142016e-09,-2.8849826e-07,-1.513604e-07,3.2579322e-07,2.8498405e-07,1.513604e-07,3.2227902e-07,9170.734
0.5113208294,0.0,-3.9429735e-09,-0.0,3.9429735e-09,-2.8869846e-07,-1.5146237e-07,3.2601787e-07,2.847555e-07,1.5146237e-07,3.220749e-07,8168.3037
0.5190727711,0.0,-4.390235e-09,-0.0,4.390235e-09,-2.8884006e-07,-1.5155749e-07,3.2618743e-07,2.844498e-07,1.5155749e-07,3.217972e-07,7329.8228
0.5268247128,0.0,-4.8485735e-09,-0.0,4.8485735e-09,-2.8895266e-07,-1.5164373e-07,3.2632724e-07,2.841041e-07,1.5164373e-07,3.2147867e-07,6630.362
0.5345765948,0.0,-5.3127716e-09,-0.0,5.3127716e-09,-2.890646e-07,-1.5172483e-07,3.2646403e-07,2.837518e-07,1.5172483e-07,3.2115125e-07,6044.8794
0.5423285365,0.0,-5.7767173e-09,-0.0,5.7767173e-09,-2.8920135e-07,-1.5179405e-07,3.266173e-07,2.8342464e-07,1.5179405e-07,3.208406e-07,5554.02
0.5500804782,0.0,-6.2491887e-09,-0.0,6.2491887e-09,-2.8934375e-07,-1.518626e-07,3.2677522e-07,2.8309455e-07,1.518626e-07,3.2052603e-07,5129.0737
0.5578324199,0.0,-6.7265478e-09,-0.0,6.7265478e-09,-2.894837e-07,-1.5192752e-07,3.2692932e-07,2.8275716e-07,1.5192752e-07,3.202028e-07,4760.277
0.5655843616,0.0,-7.2075523e-09,-0.0,7.2075523e-09,-2.8961807e-07,-1.5197547e-07,3.2707058e-07,2.8241053e-07,1.5197547e-07,3.1986303e-07,4437.881
0.5733363032,0.0,-7.690468e-09,-0.0,7.690468e-09,-2.8972937e-07,-1.5199963e-07,3.2718037e-07,2.820389e-07,1.5199963e-07,3.194899e-07,4154.357
0.5810882449,0.0,-8.174071e-09,-0.0,8.174071e-09,-2.8980713e-07,-1.5200854e-07,3.272534e-07,2.8163305e-07,1.5200854e-07,3.190793e-07,3903.5496
0.5888401866,0.0,-8.657576e-09,-0.0,8.657576e-09,-2.8988023e-07,-1.5201566e-07,3.273214e-07,2.8122267e-07,1.5201566e-07,3.1866384e-07,3680.7473
0.5965921283,0.0,-9.139988e-09,-0.0,9.139988e-09,-2.8997096e-07,-1.5203084e-07,3.2740883e-07,2.8083096e-07,1.5203084e-07,3.1826883e-07,3482.154
0.60434407,0.0,-9.620439e-09,-0.0,9.620439e-09,-2.900369e-07,-1.5203801e-07,3.2747053e-07,2.8041646e-07,1.5203801e-07,3.178501e-07,3303.901
0.6120960116,0.0,-1.0098077e-08,-0.0,1.0098077e-08,-2.9008328e-07,-1.5203885e-07,3.2751203e-07,2.7998522e-07,1.5203885e-07,3.1741394e-07,3143.3076
0.6198479533,0.0,-1.057222e-08,-0.0,1.057222e-08,-2.9012818e-07,-1.5203638e-07,3.2755065e-07,2.7955596e-07,1.5203638e-07,3.1697843e-07,2998.2173
0.627599895,0.0,-1.1042126e-08,-0.0,1.1042126e-08,-2.9017178e-07,-1.520303e-07,3.2758643e-07,2.7912967e-07,1.520303e-07,3.1654432e-07,2866.6946
0.6353518367,0.0,-1.1507085e-08,-0.0,1.1507085e-08,-2.9022573e-07,-1.5203632e-07,3.2763703e-07,2.7871863e-07,1.5203632e-07,3.1612993e-07,2747.261
0.6431037784,0.0,-1.1966392e-08,-0.0,1.1966392e-08,-2.9029928e-07,-1.5206733e-07,3.2771658e-07,2.783329e-07,1.5206733e-07,3.1575019e-07,2638.6392
0.6508556604,0.0,-1.2419393e-08,-0.0,1.2419393e-08,-2.9037005e-07,-1.5209753e-07,3.2779326e-07,2.7795065e-07,1.5209753e-07,3.1537385e-07,2539.3643
0.6586076021,0.0,-1.2865434e-08,-0.0,1.2865434e-08,-2.9044025e-07,-1.5212387e-07,3.2786767e-07,2.7757483e-07,1.5212387e-07,3.1500224e-07,2448.4365
0.6663595438,0.0,-1.3303861e-08,-0.0,1.3303861e-08,-2.905099e-07,-1.5214674e-07,3.2793997e-07,2.7720603e-07,1.5214674e-07,3.146361e-07,2364.9968
0.6741114855,0.0,-1.3734046e-08,-0.0,1.3734046e-08,-2.9057958e-07,-1.5216894e-07,3.2801202e-07,2.7684553e-07,1.5216894e-07,3.1427797e-07,2288.3113
0.6818634272,0.0,-1.4155371e-08,-0.0,1.4155371e-08,-2.906495e-07,-1.5219132e-07,3.2808433e-07,2.7649412e-07,1.5219132e-07,3.1392895e-07,2217.7358
0.6896153688,0.0,-1.45672185e-08,-0.0,1.45672185e-08,-2.9071828e-07,-1.5221269e-07,3.2815518e-07,2.7615107e-07,1.5221269e-07,3.1358798e-07,2152.6948
0.6973673105,0.0,-1.4968965e-08,-0.0,1.4968965e-08,-2.907821e-07,-1.5222777e-07,3.2821873e-07,2.7581314e-07,1.5222777e-07,3.1324976e-07,2092.66
0.7051192522,0.0,-1.5359998e-08,-0.0,1.5359998e-08,-2.908385e-07,-1.522351e-07,3.2827208e-07,2.754785e-07,1.522351e-07,3.1291208e-07,2037.1868
0.7128711939,0.0,-1.5739687e-08,-0.0,1.5739687e-08,-2.90883e-07,-1.5223698e-07,3.2831238e-07,2.7514332e-07,1.5223698e-07,3.125727e-07,1985.8876
0.7206231356,0.0,-1.6107407e-08,-0.0,1.6107407e-08,-2.9090432e-07,-1.5224707e-07,3.2833594e-07,2.7479692e-07,1.5224707e-07,3.1222854e-07,1938.4146
0.7283750772,0.0,-1.6462526e-08,-0.0,1.6462526e-08,-2.909013e-07,-1.5226361e-07,3.2834095e-07,2.7443878e-07,1.5226361e-07,3.118784e-07,1894.4736
0.7361270189,0.0,-1.68044e-08,-0.0,1.68044e-08,-2.9088983e-07,-1.5228751e-07,3.2834186e-07,2.7408544e-07,1.5228751e-07,3.1153746e-07,1853.903
0.7438789606,0.0,-1.7132397e-08,-0.0,1.7132397e-08,-2.908505e-07,-1.5231099e-07,3.283179e-07,2.737181e-07,1.5231099e-07,3.111855e-07,1816.356
0.7516309023,0.0,-1.744586e-08,-0.0,1.744586e-08,-2.9077023e-07,-1.5232384e-07,3.2825275e-07,2.7332436e-07,1.5232384e-07,3.1080688e-07,1781.5498
0.759382844,0.0,-1.7744139e-08,-0.0,1.7744139e-08,-2.9064637e-07,-1.523223e-07,3.2814233e-07,2.7290224e-07,1.523223e-07,3.103982e-07,1749.2988
0.7671347857,0.0,-1.8026574e-08,-0.0,1.8026574e-08,-2.905004e-07,-1.5231348e-07,3.2800895e-07,2.724738e-07,1.5231348e-07,3.0998237e-07,1719.5847
0.7748867273,0.0,-1.8292532e-08,-0.0,1.8292532e-08,-2.9035374e-07,-1.5230744e-07,3.2787628e-07,2.7206121e-07,1.5230744e-07,3.0958375e-07,1692.4042
0.7826386094,0.0,-1.8541334e-08,-0.0,1.8541334e-08,-2.902122e-07,-1.5230675e-07,3.2775063e-07,2.7167087e-07,1.5230675e-07,3.092093e-07,1667.6747
0.7903905511,0.0,-1.877231e-08,-0.0,1.877231e-08,-2.9007435e-07,-1.523123e-07,3.2763114e-07,2.7130204e-07,1.523123e-07,3.0885883e-07,1645.2885
0.7981424928,0.0,-1.89848e-08,-0.0,1.89848e-08,-2.8993446e-07,-1.5230816e-07,3.2750538e-07,2.7094967e-07,1.5230816e-07,3.0852058e-07,1625.0918
0.8058944345,0.0,-1.9178172e-08,-0.0,1.9178172e-08,-2.898061e-07,-1.522959e-07,3.2738603e-07,2.7062794e-07,1.522959e-07,3.0820786e-07,1607.0754
0.8136463761,0.0,-1.935178e-08,-0.0,1.935178e-08,-2.896852e-07,-1.5227441e-07,3.2726902e-07,2.7033343e-07,1.5227441e-07,3.0791725e-07,1591.1562
0.8213983178,0.0,-1.9504995e-08,-0.0,1.9504995e-08,-2.89554e-07,-1.5223992e-07,3.2713686e-07,2.7004901e-07,1.5223992e-07,3.0763186e-07,1577.1945
0.8291502595,0.0,-1.9637213e-08,-0.0,1.9637213e-08,-2.8942395e-07,-1.5220554e-07,3.2700575e-07,2.6978674e-07,1.5220554e-07,3.0736854e-07,1565.2341
0.8369022012,0.0,-1.9747825e-08,-0.0,1.9747825e-08,-2.8930071e-07,-1.5217798e-07,3.2688385e-07,2.6955288e-07,1.5217798e-07,3.0713602e-07,1555.2896
0.8446541429,0.0,-1.9836277e-08,-0.0,1.9836277e-08,-2.8917725e-07,-1.5216837e-07,3.267701e-07,2.6934097e-07,1.5216837e-07,3.0693383e-07,1547.3351
0.8524060845,0.0,-1.9902005e-08,-0.0,1.9902005e-08,-2.8905663e-07,-1.5217778e-07,3.2666773e-07,2.691546e-07,1.5217778e-07,3.067657e-07,1541.3801
0.8601580262,0.0,-1.9944356e-08,-0.0,1.9944356e-08,-2.8894038e-07,-1.5220822e-07,3.2657908e-07,2.6899602e-07,1.5220822e-07,3.0663472e-07,1537.4503
0.8679099679,0.0,-1.9963657e-08,-0.0,1.9963657e-08,-2.8881874e-07,-1.5224656e-07,3.2648933e-07,2.6885508e-07,1.5224656e-07,3.0652566e-07,1535.4176
0.8756619096,0.0,-1.9957746e-08,-0.0,1.9957746e-08,-2.886905e-07,-1.5229006e-07,3.263962e-07,2.6873275e-07,1.5229006e-07,3.0643844e-07,1535.4353
0.8834138513,0.0,-1.9927876e-08,-0.0,1.9927876e-08,-2.885601e-07,-1.5233347e-07,3.2630112e-07,2.6863222e-07,1.5233347e-07,3.0637324e-07,1537.4095
0.8911657929,0.0,-1.9873154e-08,-0.0,1.9873154e-08,-2.8840606e-07,-1.5234785e-07,3.261716e-07,2.6853292e-07,1.5234785e-07,3.0629846e-07,1541.2666
0.898917675,0.0,-1.97931e-08,-0.0,1.97931e-08,-2.8824348e-07,-1.5236719e-07,3.260369e-07,2.6845038e-07,1.5236719e-07,3.062438e-07,1547.2242
0.9066696167,0.0,-1.9687636e-08,-0.0,1.9687636e-08,-2.8805255e-07,-1.5240853e-07,3.2588744e-07,2.6836491e-07,1.5240853e-07,3.061998e-07,1555.289
0.9144215584,0.0,-1.9556541e-08,-0.0,1.9556541e-08,-2.8782944e-07,-1.5246529e-07,3.2571683e-07,2.6827288e-07,1.5246529e-07,3.0616027e-07,1565.5126
0.9221735001,0.0,-1.9399701e-08,-0.0,1.9399701e-08,-2.875862e-07,-1.5252483e-07,3.255298e-07,2.681865e-07,1.5252483e-07,3.0613012e-07,1578.0137
0.9299254417,0.0,-1.9217078e-08,-0.0,1.9217078e-08,-2.8733893e-07,-1.5258236e-07,3.2533833e-07,2.6812185e-07,1.5258236e-07,3.0612125e-07,1592.9637
0.9376773834,0.0,-1.9008723e-08,-0.0,1.9008723e-08,-2.8709997e-07,-1.526347e-07,3.2515186e-07,2.6809124e-07,1.526347e-07,3.0614314e-07,1610.5393
0.9454293251,0.0,-1.8774749e-08,-0.0,1.8774749e-08,-2.8688362e-07,-1.5267665e-07,3.2498056e-07,2.6810886e-07,1.5267665e-07,3.062058e-07,1630.9438
0.9531812668,0.0,-1.8515344e-08,-0.0,1.8515344e-08,-2.8669473e-07,-1.5270564e-07,3.2482745e-07,2.6817938e-07,1.5270564e-07,3.063121e-07,1654.368
0.9609332085,0.0,-1.8230798e-08,-0.0,1.8230798e-08,-2.8652886e-07,-1.5272349e-07,3.2468947e-07,2.6829807e-07,1.5272349e-07,3.0645867e-07,1680.9933
0.9686851501,0.0,-1.7921494e-08,-0.0,1.7921494e-08,-2.8636737e-07,-1.5273379e-07,3.2455182e-07,2.684459e-07,1.5273379e-07,3.0663034e-07,1710.9633
0.9764370918,0.0,-1.7587892e-08,-0.0,1.7587892e-08,-2.8621758e-07,-1.5274269e-07,3.2442387e-07,2.686297e-07,1.5274269e-07,3.0683597e-07,1744.5854
0.9841890335,0.0,-1.7230555e-08,-0.0,1.7230555e-08,-2.8610435e-07,-1.5275441e-07,3.2432948e-07,2.688738e-07,1.5275441e-07,3.0709893e-07,1782.2916
0.9919409752,0.0,-1.685014e-08,-0.0,1.685014e-08,-2.860454e-07,-1.5275822e-07,3.2427928e-07,2.6919525e-07,1.5275822e-07,3.0742913e-07,1824.4888
0.9996929169,0.0,-1.6447407e-08,-0.0,1.6447407e-08,-2.8608434e-07,-1.5275079e-07,3.2431012e-07,2.6963693e-07,1.5275079e-07,3.078627e-07,1871.7997
1.007444859,0.0,-1.602321e-08,-0.0,1.602321e-08,-2.8623828e-07,-1.5272899e-07,3.2443566e-07,2.7021505e-07,1.5272899e-07,3.0841244e-07,1924.7844
1.0151968,0.0,-1.5578498e-08,-0.0,1.5578498e-08,-2.8650908e-07,-1.527026e-07,3.2466218e-07,2.7093057e-07,1.527026e-07,3.0908367e-07,1984.039
1.022948742,0.0,-1.511433e-08,-0.0,1.511433e-08,-2.8685133e-07,-1.5267226e-07,3.2495e-07,2.71737e-07,1.5267226e-07,3.0983568e-07,2049.9453
1.030700684,0.0,-1.4631851e-08,2.7972416e-17,1.4631851e-08,-2.8722815e-07,-1.5263481e-07,3.2526512e-07,2.725963e-07,1.5263481e-07,3.1063325e-07,2122.9922
1.038452625,0.0,-1.4132308e-08,-0.0,1.4132308e-08,-2.8759786e-07,-1.5259351e-07,3.2557227e-07,2.7346556e-07,1.5259351e-07,3.1143998e-07,2203.7432
1.046204567,0.0,-1.3617034e-08,-0.0,1.3617034e-08,-2.8795012e-07,-1.525499e-07,3.2586308e-07,2.7433308e-07,1.525499e-07,3.1224604e-07,2293.053
1.053956509,0.0,-1.3087468e-08,-0.0,1.3087468e-08,-2.8828902e-07,-1.5250718e-07,3.261426e-07,2.7520156e-07,1.5250718e-07,3.1305515e-07,2392.0205
1.06170845,0.0,-1.25451205e-08,-2.7972416e-17,1.25451205e-08,-2.8862007e-07,-1.524643e-07,3.2641523e-07,2.7607496e-07,1.524643e-07,3.1387012e-07,2501.928
1.069460392,0.0,-1.1991606e-08,-0.0,1.1991606e-08,-2.8894038e-07,-1.5243602e-07,3.2668532e-07,2.7694878e-07,1.5243602e-07,3.1469372e-07,2624.2812
1.077212334,0.0,-1.1428612e-08,-0.0,1.1428612e-08,-2.892445e-07,-1.5242794e-07,3.2695053e-07,2.7781587e-07,1.5242794e-07,3.155219e-07,2760.8044
1.084964275,0.0,-1.0857847e-08,-0.0,1.0857847e-08,-2.8953048e-07,-1.5243108e-07,3.2720504e-07,2.7867262e-07,1.5243108e-07,3.1634718e-07,2913.5325
1.092716217,0.0,-1.0281057e-08,-0.0,1.0281057e-08,-2.8980713e-07,-1.5243619e-07,3.2745223e-07,2.7952606e-07,1.5243619e-07,3.1717116e-07,3085.0024
1.10046804,0.0,-9.700151e-09,-0.0,9.700151e-09,-2.900819e-07,-1.5244034e-07,3.276974e-07,2.8038176e-07,1.5244034e-07,3.1799723e-07,3278.2676
1.108219981,0.0,-9.117182e-09,-0.0,9.117182e-09,-2.9035704e-07,-1.5244319e-07,3.2794227e-07,2.8123986e-07,1.5244319e-07,3.188251e-07,3496.966
1.115971923,0.0,-8.533937e-09,-0.0,8.533937e-09,-2.9063187e-07,-1.5244265e-07,3.281854e-07,2.8209794e-07,1.5244265e-07,3.1965146e-07,3745.6462
1.123723865,0.0,-7.9526865e-09,-0.0,7.9526865e-09,-2.909046e-07,-1.5243614e-07,3.284239e-07,2.8295193e-07,1.5243614e-07,3.2047123e-07,4029.718
1.131475806,0.0,-7.376906e-09,-0.0,7.376906e-09,-2.9118775e-07,-1.524214e-07,3.286679e-07,2.8381083e-07,1.524214e-07,3.21291e-07,4355.3564
1.139227748,0.0,-6.810302e-09,-0.0,6.810302e-09,-2.9152199e-07,-1.5241086e-07,3.2895917e-07,2.847117e-07,1.5241086e-07,3.2214888e-07,4730.31
1.14697969,0.0,-6.2460455e-09,-0.0,6.2460455e-09,-2.9186464e-07,-1.5239009e-07,3.2925325e-07,2.856186e-07,1.5239009e-07,3.230072e-07,5171.379
1.154731631,0.0,-5.6875202e-09,-0.0,5.6875202e-09,-2.9223492e-07,-1.5238392e-07,3.2957868e-07,2.865474e-07,1.5238392e-07,3.2389116e-07,5694.759
1.162483573,0.0,-5.14203e-09,-0.0,5.14203e-09,-2.9263168e-07,-1.5240303e-07,3.2993935e-07,2.8748966e-07,1.5240303e-07,3.2479733e-07,6316.507
1.170235515,0.0,-4.617589e-09,-0.0,4.617589e-09,-2.9304982e-07,-1.5243923e-07,3.3032697e-07,2.8843223e-07,1.5243923e-07,3.2570938e-07,7053.6523
1.177987456,0.0,-4.1125308e-09,-0.0,4.1125308e-09,-2.934778e-07,-1.5248058e-07,3.3072578e-07,2.8936526e-07,1.5248058e-07,3.2661325e-07,7941.885
1.185739398,0.0,-3.6220562e-09,-0.0,3.6220562e-09,-2.9392896e-07,-1.525262e-07,3.3114722e-07,2.903069e-07,1.525262e-07,3.2752516e-07,9042.495
1.19349134,0.0,-3.1514809e-09,-0.0,3.1514809e-09,-2.9440508e-07,-1.5258111e-07,3.3159517e-07,2.912536e-07,1.5258111e-07,3.284437e-07,10421.852
1.201243281,0.0,-2.7036215e-09,-0.0,2.7036215e-09,-2.9488479e-07,-1.526348e-07,3.320458e-07,2.9218117e-07,1.526348e-07,3.2934219e-07,12181.475
1.208995223,0.0,-2.2802888e-09,-0.0,2.2802888e-09,-2.9536756e-07,-1.5268738e-07,3.3249876e-07,2.9308725e-07,1.5268738e-07,3.3021846e-07,14481.367
1.216747165,0.0,-1.8833828e-09,-0.0,1.8833828e-09,-2.9585289e-07,-1.5273851e-07,3.3295342e-07,2.939695e-07,1.5273851e-07,3.3107003e-07,17578.385
1.224499106,0.0,-1.5147845e-09,-0.0,1.5147845e-09,-2.963401e-07,-1.5278836e-07,3.3340925e-07,2.948253e-07,1.5278836e-07,3.3189446e-07,21910.195
1.232251048,0.0,-1.176116e-09,-0.0,1.176116e-09,-2.9682826e-07,-1.5283844e-07,3.3386615e-07,2.9565214e-07,1.5283844e-07,3.3269004e-07,28286.938
1.24000299,0.0,-8.689835e-10,-0.0,8.689835e-10,-2.9731888e-07,-1.5289477e-07,3.3432818e-07,2.9644988e-07,1.5289477e-07,3.3345918e-07,38373.035
1.247754931,0.0,-5.945947e-10,-0.0,5.945947e-10,-2.9781046e-07,-1.529615e-07,3.3479589e-07,2.9721588e-07,1.529615e-07,3.342013e-07,56205.63
1.255506873,0.0,-3.5589304e-10,-0.0,3.5589304e-10,-2.9829803e-07,-1.5303769e-07,3.3526445e-07,2.9794214e-07,1.5303769e-07,3.3490855e-07,94101.07
1.263258815,0.0,-1.5337916e-10,-0.0,1.5337916e-10,-2.9877754e-07,-1.5311396e-07,3.3572593e-07,2.9862414e-07,1.5311396e-07,3.3557254e-07,218772.0
1.271010756,0.0,1.7964047e-11,-0.0,1.7964047e-11,-2.9925488e-07,-1.5318302e-07,3.3618227e-07,2.9927284e-07,1.5318302e-07,3.361643e-07,1.870276e+06
1.278762698,0.0,1.4663792e-10,-0.0,1.4663792e-10,-2.9973864e-07,-1.5324198e-07,3.366398e-07,2.9988527e-07,1.5324198e-07,3.3649317e-07,229456.47
1.28651464,0.0,2.3759122e-10,-0.0,2.3759122e-10,-3.0023614e-07,-1.5329432e-07,3.3710666e-07,3.0047372e-07,1.5329432e-07,3.3686908e-07,141779.19
1.294266582,0.0,2.974971e-10,-0.0,2.974971e-10,-3.0074824e-07,-1.5334413e-07,3.3758545e-07,3.0104573e-07,1.5334413e-07,3.3728796e-07,113371.4
1.302018523,0.0,3.1666586e-10,-0.0,3.1666586e-10,-3.0127524e-07,-1.5339621e-07,3.3807862e-07,3.015919e-07,1.5339621e-07,3.3776195e-07,106658.57
1.309770465,0.0,3.0468938e-10,-0.0,3.0468938e-10,-3.018206e-07,-1.5347295e-07,3.3859948e-07,3.0212527e-07,1.5347295e-07,3.382948e-07,111025.76
1.317522407,0.0,2.6175323e-10,-0.0,2.6175323e-10,-3.0234253e-07,-1.5353781e-07,3.3909419e-07,3.026043e-07,1.5353781e-07,3.3883242e-07,129442.336
1.325274348,0.0,1.9849637e-10,-0.0,1.9849637e-10,-3.025093e-07,-1.535585e-07,3.3925227e-07,3.027078e-07,1.535585e-07,3.3905377e-07,170802.45
1.33302629,0.0,1.208068e-10,-0.0,1.208068e-10,-3.0052166e-07,-1.5316625e-07,3.373028e-07,3.0064248e-07,1.5316625e-07,3.3718197e-07,279085.3
1.340778112,0.0,5.2847872e-11,-0.0,5.2847872e-11,-2.9250413e-07,-1.516256e-07,3.2946772e-07,2.9255696e-07,1.516256e-07,3.294149e-07,623208.8
1.348530054,0.0,1.0124766e-12,-0.0,1.0124766e-12,-2.8127403e-07,-1.5027462e-07,3.189005e-07,2.8127505e-07,1.5027462e-07,3.1889948e-07,3.1188928e+07
1.352406025,0.003875968978,-0.0,9.795723e-13,9.795723e-13,-2.7289448e-07,-1.4973293e-07,3.1127377e-07,2.7289448e-07,1.497339e-07,3.112728e-07,3.1455284e+07
1.352406025,0.01162790693,-0.0,5.2816983e-11,5.2816983e-11,-2.721618e-07,-1.5295488e-07,3.1219744e-07,2.721618e-07,1.530077e-07,3.1214464e-07,590881.06
1.352406025,0.01937984489,-0.0,1.2047029e-10,1.2047029e-10,-2.7201136e-07,-1.575252e-07,3.1433163e-07,2.7201136e-07,1.5764567e-07,3.1421115e-07,260798.8
1.352406025,0.02713178284,-0.0,1.9833621e-10,1.9833621e-10,-2.7194423e-07,-1.5836478e-07,3.146952e-07,2.7194423e-07,1.5856313e-07,3.1449687e-07,158559.56
1.352406025,0.03488372266,-0.0,2.6123995e-10,2.6123995e-10,-2.719257e-07,-1.5863448e-07,3.14815e-07,2.719257e-07,1.5889572e-07,3.1455374e-07,120403.38
1.352406025,0.04263565689,-0.0,3.0601607e-10,3.0601607e-10,-2.7192326e-07,-1.58809e-07,3.1490086e-07,2.7192326e-07,1.5911502e-07,3.1459484e-07,102800.016
1.352406025,0.05038759857,-0.0,3.2111716e-10,3.2111716e-10,-2.7192317e-07,-1.5898063e-07,3.1498737e-07,2.7192317e-07,1.5930175e-07,3.1466627e-07,97988.06
1.352406025,0.0581395328,-0.0,3.0864908e-10,3.0864908e-10,-2.7192394e-07,-1.5916503e-07,3.1508117e-07,2.7192394e-07,1.5947367e-07,3.147725e-07,101980.65
1.352406025,0.06589147449,-0.0,2.607167e-10,2.607167e-10,-2.7192422e-07,-1.5934363e-07,3.1517166e-07,2.7192422e-07,1.5960434e-07,3.1491095e-07,120782.016
1.352406025,0.07364341617,-0.0,1.8111214e-10,1.8111214e-10,-2.7192397e-07,-1.5951638e-07,3.152588e-07,2.7192397e-07,1.5969749e-07,3.150777e-07,173958.67
1.352406025,0.0813953504,-0.0,8.152983e-11,8.152983e-11,-2.7192326e-07,-1.5968378e-07,3.1534293e-07,2.7192326e-07,1.597653e-07,3.152614e-07,386634.84
1.352406025,0.08914728463,-0.0,-6.191611e-11,6.191611e-11,-2.7192294e-07,-1.5984615e-07,3.1542493e-07,2.7192294e-07,1.5978424e-07,3.1536302e-07,509256.97
1.352406025,0.09689922631,-0.0,-2.3130178e-10,2.3130178e-10,-2.7192343e-07,-1.6000395e-07,3.1550533e-07,2.7192343e-07,1.5977265e-07,3.1527404e-07,136298.3
1.352406025,0.104651168,-0.0,-4.1923057e-10,4.1923057e-10,-2.7195912e-07,-1.602214e-07,3.1564642e-07,2.7195912e-07,1.5980217e-07,3.152272e-07,75190.055
1.352406025,0.1124031022,-0.0,-6.3886396e-10,6.3886396e-10,-2.719946e-07,-1.6044218e-07,3.157891e-07,2.719946e-07,1.5980332e-07,3.1515023e-07,49329.016
1.352406025,0.1201550364,-0.0,-8.799157e-10,8.799157e-10,-2.720131e-07,-1.6068726e-07,3.159296e-07,2.720131e-07,1.5980734e-07,3.150497e-07,35804.125
1.352406025,0.1279069781,-0.0,-1.1431645e-09,1.1431645e-09,-2.720278e-07,-1.6093146e-07,3.1606652e-07,2.720278e-07,1.597883e-07,3.1492334e-07,27548.145
1.352406025,0.1356589198,-0.0,-1.4262137e-09,1.4262137e-09,-2.720375e-07,-1.611749e-07,3.161989e-07,2.720375e-07,1.5974868e-07,3.147727e-07,22070.36
1.352406025,0.1434108615,-0.0,-1.7278983e-09,1.7278983e-09,-2.7204183e-07,-1.6143319e-07,3.1633436e-07,2.7204183e-07,1.597053e-07,3.1460647e-07,18207.36
1.352406025,0.1511627883,-0.0,-2.0467716e-09,2.0467716e-09,-2.7204243e-07,-1.6171857e-07,3.1648062e-07,2.7204243e-07,1.596718e-07,3.1443386e-07,15362.355
1.352406025,0.15891473,-0.0,-2.3816282e-09,2.3816282e-09,-2.7204086e-07,-1.6203116e-07,3.166391e-07,2.7204086e-07,1.5964953e-07,3.1425748e-07,13195.014
1.352406025,0.1666666716,-0.0,-2.7313602e-09,2.7313602e-09,-2.7203708e-07,-1.623646e-07,3.1680662e-07,2.7203708e-07,1.5963325e-07,3.1407527e-07,11498.816
1.352406025,0.1744185984,-0.0,-3.0949914e-09,3.0949914e-09,-2.7203222e-07,-1.6270313e-07,3.1697607e-07,2.7203222e-07,1.5960813e-07,3.138811e-07,10141.549
1.352406025,0.1821705401,-0.0,-3.471715e-09,3.471715e-09,-2.720267e-07,-1.6304084e-07,3.1714484e-07,2.720267e-07,1.5956913e-07,3.1367313e-07,9035.08
1.352406025,0.1899224818,-0.0,-3.86086e-09,3.86086e-09,-2.7201966e-07,-1.6337854e-07,3.1731253e-07,2.7201966e-07,1.5951768e-07,3.1345166e-07,8118.679
1.352406025,0.1976744235,-0.0,-4.261912e-09,4.261912e-09,-2.7201656e-07,-1.6372675e-07,3.174893e-07,2.7201656e-07,1.5946485e-07,3.132274e-07,7349.4395
1.352406025,0.2054263651,-0.0,-4.674521e-09,4.674521e-09,-2.7201472e-07,-1.6408087e-07,3.176705e-07,2.7201472e-07,1.5940635e-07,3.1299598e-07,6695.7725
1.352406025,0.2131782919,-0.0,-5.0984865e-09,5.0984865e-09,-2.7201114e-07,-1.6443398e-07,3.1784995e-07,2.7201114e-07,1.593355e-07,3.1275147e-07,6134.19
1.352406025,0.2209302336,-0.0,-5.533786e-09,5.533786e-09,-2.720012e-07,-1.6477328e-07,3.180171e-07,2.720012e-07,1.5923949e-07,3.124833e-07,5646.8164
1.352406025,0.2286821753,-0.0,-5.98055e-09,5.98055e-09,-2.7197999e-07,-1.6508737e-07,3.1816185e-07,2.7197999e-07,1.5910682e-07,3.121813e-07,5219.934
1.352406025,0.2364341021,-0.0,-6.4391e-09,6.4391e-09,-2.7195614e-07,-1.6539447e-07,3.1830092e-07,2.7195614e-07,1.5895537e-07,3.118618e-07,4843.2437
1.352406025,0.2441860437,-0.0,-6.9099393e-09,6.9099393e-09,-2.7194042e-07,-1.6568742e-07,3.1843982e-07,2.7194042e-07,1.5877748e-07,3.1152987e-07,4508.425
1.352406025,0.2519379854,-0.0,-7.3937483e-09,7.3937483e-09,-2.719336e-07,-1.6596594e-07,3.18579e-07,2.719336e-07,1.5857219e-07,3.1118526e-07,4208.7563
1.352406025,0.2596899271,-0.0,-7.891408e-09,7.891408e-09,-2.7192272e-07,-1.6623342e-07,3.1870914e-07,2.7192272e-07,1.58342e-07,3.1081774e-07,3938.6802
1.352406025,0.2674418688,-0.0,-8.4040135e-09,8.4040135e-09,-2.7192283e-07,-1.6652318e-07,3.1886046e-07,2.7192283e-07,1.5811916e-07,3.1045644e-07,3694.1406
1.352406025,0.2751938105,-0.0,-8.9328696e-09,8.9328696e-09,-2.7192718e-07,-1.6682185e-07,3.1902024e-07,2.7192718e-07,1.5788898e-07,3.100874e-07,3471.304
1.352406025,0.2829457521,-0.0,-9.479526e-09,9.479526e-09,-2.7193667e-07,-1.6714357e-07,3.191967e-07,2.7193667e-07,1.5766405e-07,3.0971717e-07,3267.2188
1.352406025,0.290697664,-0.0,-1.00457465e-08,1.00457465e-08,-2.7195006e-07,-1.6750137e-07,3.1939558e-07,2.7195006e-07,1.5745562e-07,3.0934984e-07,3079.4082
1.352406025,0.2984496057,-0.0,-1.0633572e-08,1.0633572e-08,-2.7196563e-07,-1.6789816e-07,3.196171e-07,2.7196563e-07,1.572646e-07,3.0898352e-07,2905.7332
1.352406025,0.3062015474,-0.0,-1.1245295e-08,1.1245295e-08,-2.719755e-07,-1.6830018e-07,3.1983686e-07,2.719755e-07,1.5705488e-07,3.0859155e-07,2744.1812
1.352406025,0.3139534891,-0.0,-1.1883503e-08,1.1883503e-08,-2.7198027e-07,-1.6869694e-07,3.2004988e-07,2.7198027e-07,1.5681344e-07,3.0816636e-07,2593.2263
1.352406025,0.3217054307,-0.0,-1.2551068e-08,1.2551068e-08,-2.720371e-07,-1.6908233e-07,3.2030147e-07,2.720371e-07,1.5653126e-07,3.077504e-07,2451.9841
1.352406025,0.3294573724,-0.0,-1.3251186e-08,1.3251186e-08,-2.7213574e-07,-1.695209e-07,3.2061692e-07,2.7213574e-07,1.5626972e-07,3.0736572e-07,2319.532
1.352406025,0.3372093141,-0.0,-1.39873615e-08,1.39873615e-08,-2.7223956e-07,-1.7000347e-07,3.2096037e-07,2.7223956e-07,1.5601611e-07,3.06973e-07,2194.644
1.352406025,0.344961226,-0.0,-1.4763478e-08,1.4763478e-08,-2.723489e-07,-1.705096e-07,3.213214e-07,2.723489e-07,1.5574612e-07,3.0655792e-07,2076.46
1.352406025,0.3527131677,-0.0,-1.558377e-08,1.558377e-08,-2.7245719e-07,-1.7100608e-07,3.2167685e-07,2.7245719e-07,1.5542231e-07,3.0609309e-07,1964.1774
1.352406025,0.3604651093,-0.0,-1.6452846e-08,1.6452846e-08,-2.7255996e-07,-1.7150079e-07,3.220271e-07,2.7255996e-07,1.5504794e-07,3.0557425e-07,1857.2716
1.352406025,0.368217051,-0.0,-1.7375728e-08,1.7375728e-08,-2.7264835e-07,-1.7200483e-07,3.2237057e-07,2.7264835e-07,1.546291e-07,3.0499484e-07,1755.2914
1.352406025,0.3759689927,-0.0,-1.8357834e-08,1.8357834e-08,-2.7270582e-07,-1.7250817e-07,3.2268798e-07,2.7270582e-07,1.5415033e-07,3.0433014e-07,1657.7661
1.352406025,0.3837209344,-0.0,-1.9405023e-08,1.9405023e-08,-2.7277852e-07,-1.731044e-07,3.230685e-07,2.7277852e-07,1.5369938e-07,3.0366346e-07,1564.8695
1.352406025,0.3914728761,-0.0,-2.0523597e-08,2.0523597e-08,-2.728432e-07,-1.7371471e-07,3.2345048e-07,2.728432e-07,1.5319111e-07,3.0292688e-07,1475.9923
1.352406025,0.3992248178,-0.0,-2.172034e-08,2.172034e-08,-2.729037e-07,-1.743383e-07,3.238368e-07,2.729037e-07,1.5261796e-07,3.0211646e-07,1390.9374
1.352406025,0.4069767594,-0.0,-2.3002503e-08,2.3002503e-08,-2.7296792e-07,-1.7495042e-07,3.2422082e-07,2.7296792e-07,1.5194792e-07,3.012183e-07,1309.5017
1.352406025,0.4147286713,-0.0,-2.4377831e-08,2.4377831e-08,-2.73047e-07,-1.7559557e-07,3.246359e-07,2.73047e-07,1.5121775e-07,3.0025805e-07,1231.6843
1.352406025,0.422480613,-0.0,-2.5854595e-08,2.5854595e-08,-2.731377e-07,-1.7630045e-07,3.250939e-07,2.731377e-07,1.5044586e-07,2.992393e-07,1157.3927
1.352406025,0.4302325547,-0.0,-2.7441615e-08,2.7441615e-08,-2.7322332e-07,-1.7701153e-07,3.2555195e-07,2.7322332e-07,1.4956991e-07,2.9811034e-07,1086.3436
1.352406025,0.4379844964,-0.0,-2.9148238e-08,2.9148238e-08,-2.7336804e-07,-1.7767873e-07,3.260365e-07,2.7336804e-07,1.4853049e-07,2.968883e-07,1018.5459
1.352406025,0.445736438,-0.0,-3.0984367e-08,3.0984367e-08,-2.7354344e-07,-1.783572e-07,3.2655367e-07,2.7354344e-07,1.4737283e-07,2.955693e-07,953.9301
1.352406025,0.4534883797,-0.0,-3.296051e-08,3.296051e-08,-2.737854e-07,-1.7919164e-07,3.272126e-07,2.737854e-07,1.4623113e-07,2.942521e-07,892.741
1.352406025,0.4612403214,-0.0,-3.508779e-08,3.508779e-08,-2.740865e-07,-1.801623e-07,3.2799673e-07,2.740865e-07,1.4507451e-07,2.9290894e-07,834.7885
1.352406025,0.4689922333,-0.0,-3.737795e-08,3.737795e-08,-2.7439896e-07,-1.8126804e-07,3.2886607e-07,2.7439896e-07,1.4389008e-07,2.914881e-07,779.8395
1.352406025,0.476744175,-0.0,-3.984333e-08,3.984333e-08,-2.7469702e-07,-1.8256944e-07,3.2983337e-07,2.7469702e-07,1.4272611e-07,2.8999006e-07,727.8257
1.352406025,0.4844961166,-0.0,-4.2497042e-08,4.2497042e-08,-2.7499223e-07,-1.8449828e-07,3.3115003e-07,2.7499223e-07,1.4200123e-07,2.8865298e-07,679.2306
1.352406025,0.4922480583,-0.0,-4.5352884e-08,4.5352884e-08,-2.7493027e-07,-1.8728092e-07,3.3265718e-07,2.7493027e-07,1.4192804e-07,2.873043e-07,633.48615
1.352406025,0.5,-0.0,-4.8425182e-08,4.8425182e-08,-2.7478137e-07,-1.9048773e-07,3.343507e-07,2.7478137e-07,1.4206255e-07,2.859255e-07,590.4478
1.352406025,0.5077519417,-0.0,-5.172865e-08,5.172865e-08,-2.745778e-07,-1.9395334e-07,3.3617087e-07,2.745778e-07,1.4222469e-07,2.8444222e-07,549.87354
1.352406025,0.5155038834,-0.0,-5.5279255e-08,5.5279255e-08,-2.743341e-07,-1.9730633e-07,3.379186e-07,2.743341e-07,1.4202708e-07,2.8263935e-07,511.2936
1.352406025,0.523255825,-0.0,-5.9093402e-08,5.9093402e-08,-2.7408302e-07,-2.0068035e-07,3.3969707e-07,2.7408302e-07,1.4158695e-07,2.8060367e-07,474.84766
1.352406025,0.5310077667,-0.0,-6.318818e-08,6.318818e-08,-2.738448e-07,-2.040299e-07,3.4149548e-07,2.738448e-07,1.4084172e-07,2.783073e-07,440.442
1.352406025,0.5387597084,-0.0,-6.758152e-08,6.758152e-08,-2.7361844e-07,-2.074726e-07,3.4338308e-07,2.7361844e-07,1.3989109e-07,2.7580157e-07,408.10205
1.352406025,0.5465116501,-0.0,-7.229201e-08,7.229201e-08,-2.734325e-07,-2.1119223e-07,3.45496e-07,2.734325e-07,1.3890022e-07,2.73204e-07,377.91724
1.352406025,0.5542635918,-0.0,-7.733891e-08,7.733891e-08,-2.7367597e-07,-2.1621011e-07,3.4877692e-07,2.7367597e-07,1.388712e-07,2.71438e-07,350.97208
1.352406025,0.5620155334,-0.0,-8.274217e-08,8.274217e-08,-2.7372383e-07,-2.223531e-07,3.5265512e-07,2.7372383e-07,1.3961093e-07,2.6991296e-07,326.20966
1.352406025,0.5697674155,-0.0,-8.852236e-08,8.852236e-08,-2.7370498e-07,-2.2925988e-07,3.5703573e-07,2.7370498e-07,1.4073751e-07,2.6851336e-07,303.32825
1.352406025,0.5775193572,-0.0,-9.470055e-08,9.470055e-08,-2.7370479e-07,-2.3690512e-07,3.619922e-07,2.7370479e-07,1.4220457e-07,2.6729163e-07,282.24927
1.352406025,0.5852712989,-0.0,-1.0129593e-07,1.0129593e-07,-2.7372587e-07,-2.4519196e-07,3.674846e-07,2.7372587e-07,1.4389602e-07,2.6618866e-07,262.78314
1.352406025,0.5930232406,-0.0,-1.0832975e-07,1.0832975e-07,-2.7381455e-07,-2.5372435e-07,3.7329676e-07,2.7381455e-07,1.4539461e-07,2.64967e-07,244.593
1.352406025,0.6007751822,-0.0,-1.1582219e-07,1.1582219e-07,-2.7382086e-07,-2.6260943e-07,3.7939634e-07,2.7382086e-07,1.4678724e-07,2.6357415e-07,227.56792
1.352406025,0.6085271239,-0.0,-1.2379603e-07,1.2379603e-07,-2.7349628e-07,-2.727401e-07,3.8624782e-07,2.7349628e-07,1.4894407e-07,2.624518e-07,212.0034
1.352406025,0.6162790656,-0.0,-1.32265e-07,1.32265e-07,-2.7308562e-07,-2.8524923e-07,3.9489603e-07,2.7308562e-07,1.5298423e-07,2.6263103e-07,198.56424
1.352406025,0.6240310073,-0.0,-1.4121854e-07,1.4121854e-07,-2.7259077e-07,-2.9802405e-07,4.0388622e-07,2.7259077e-07,1.5680551e-07,2.626677e-07,186.00085
1.352406025,0.631782949,-0.0,-1.5084376e-07,1.5084376e-07,-2.7206747e-07,-3.1082584e-07,4.1307797e-07,2.7206747e-07,1.5998208e-07,2.622342e-07,173.8449
1.352406025,0.6395348907,-0.0,-1.6111977e-07,1.6111977e-07,-2.716593e-07,-3.2375695e-07,4.2263144e-07,2.716593e-07,1.6263718e-07,2.6151167e-07,162.30885
1.352406025,0.6472868323,-0.0,-1.7194334e-07,1.7194334e-07,-2.7085696e-07,-3.3714463e-07,4.3246965e-07,2.7085696e-07,1.6520129e-07,2.605263e-07,151.51868
1.352406025,0.655038774,-0.0,-1.83264e-07,1.83264e-07,-2.6848792e-07,-3.5262644e-07,4.4320555e-07,2.6848792e-07,1.6936244e-07,2.5994154e-07,141.83992
1.352406025,0.6627907157,-0.0,-1.9525511e-07,1.9525511e-07,-2.6615078e-07,-3.680723e-07,4.542174e-07,2.6615078e-07,1.728172e-07,2.589623e-07,132.62766
1.352406025,0.6705426574,-0.0,-2.079186e-07,2.079186e-07,-2.638305e-07,-3.836388e-07,4.6560203e-07,2.638305e-07,1.7572019e-07,2.5768344e-07,123.93476
1.352406025,0.6782945991,-0.0,-2.212687e-07,2.212687e-07,-2.6254452e-07,-3.9982453e-07,4.7831924e-07,2.6254452e-07,1.7855582e-07,2.5705054e-07,116.1712
1.352406025,0.6860464811,-0.0,-2.353391e-07,2.353391e-07,-2.6130735e-07,-4.161494e-07,4.9138765e-07,2.6130735e-07,1.8081029e-07,2.5604857e-07,108.799835
1.352406025,0.6937984228,-0.0,-2.5013293e-07,2.5013293e-07,-2.6006379e-07,-4.326473e-07,5.047939e-07,2.6006379e-07,1.8251438e-07,2.5466096e-07,101.81025
1.352406025,0.7015503645,-0.0,-2.6565812e-07,2.6565812e-07,-2.5891057e-07,-4.4910644e-07,5.18393e-07,2.5891057e-07,1.8344832e-07,2.5273488e-07,95.13538
1.352406025,0.7093023062,-0.0,-2.819376e-07,2.819376e-07,-2.5753846e-07,-4.673008e-07,5.335692e-07,2.5753846e-07,1.853632e-07,2.5163163e-07,89.250824
1.352406025,0.7170542479,-0.0,-2.9898504e-07,2.9898504e-07,-2.562319e-07,-4.8649304e-07,5.4984565e-07,2.562319e-07,1.87508e-07,2.508606e-07,83.90406
1.352406025,0.7248061895,-0.0,-3.1681242e-07,3.1681242e-07,-2.5652787e-07,-5.0743984e-07,5.685963e-07,2.5652787e-07,1.9062742e-07,2.517839e-07,79.47412
1.352406025,0.7325581312,-0.0,-3.3543466e-07,3.3543466e-07,-2.568701e-07,-5.2866585e-07,5.877668e-07,2.568701e-07,1.9323119e-07,2.5233214e-07,75.225426
1.352406025,0.7403100729,-0.0,-3.5486755e-07,3.5486755e-07,-2.572542e-07,-5.503204e-07,6.074803e-07,2.572542e-07,1.9545286e-07,2.5261272e-07,71.185074
1.352406025,0.7480620146,-0.0,-3.7512442e-07,3.7512442e-07,-2.5766408e-07,-5.724165e-07,6.277352e-07,2.5766408e-07,1.9729211e-07,2.5261076e-07,67.34053
1.352406025,0.7558139563,-0.0,-3.9621906e-07,3.9621906e-07,-2.5801953e-07,-5.950587e-07,6.4858995e-07,2.5801953e-07,1.9883961e-07,2.5237088e-07,63.694786
1.352406025,0.7635658979,-0.0,-4.181665e-07,4.181665e-07,-2.587205e-07,-6.1909213e-07,6.709779e-07,2.587205e-07,2.0092563e-07,2.528114e-07,60.45711
1.352406025,0.7713178396,-0.0,-4.409837e-07,4.409837e-07,-2.606029e-07,-6.455445e-07,6.9616203e-07,2.606029e-07,2.0456079e-07,2.5517832e-07,57.865704
1.352406025,0.7790697813,-0.0,-4.6469097e-07,4.6469097e-07,-2.6263862e-07,-6.723387e-07,7.21816e-07,2.6263862e-07,2.076477e-07,2.57125e-07,55.332478
1.352406025,0.786821723,-0.0,-4.8931275e-07,4.8931275e-07,-2.625649e-07,-7.0138475e-07,7.4891983e-07,2.625649e-07,2.12072e-07,2.5960708e-07,53.055447
1.352406025,0.7945736647,-0.0,-5.148793e-07,5.148793e-07,-2.6225032e-07,-7.313006e-07,7.769014e-07,2.6225032e-07,2.1642131e-07,2.6202213e-07,50.89001
1.352406025,0.8023256063,-0.0,-5.4142805e-07,5.4142805e-07,-2.6367692e-07,-7.631991e-07,8.074642e-07,2.6367692e-07,2.2177107e-07,2.6603612e-07,49.136005
1.352406025,0.810077548,-0.0,-5.6900694e-07,5.6900694e-07,-2.6547784e-07,-7.9772894e-07,8.4074367e-07,2.6547784e-07,2.28722e-07,2.7173672e-07,47.75631
1.352406025,0.8178294301,-0.0,-5.976771e-07,5.976771e-07,-2.673128e-07,-8.35009e-07,8.7675323e-07,2.673128e-07,2.373319e-07,2.7907612e-07,46.69346
1.352406025,0.8255813718,-0.0,-6.275151e-07,6.275151e-07,-2.6951255e-07,-8.7532254e-07,9.158748e-07,2.6951255e-07,2.4780746e-07,2.8835973e-07,45.952637
1.352406025,0.8333333135,-0.0,-6.586192e-07,6.586192e-07,-2.7150838e-07,-9.187051e-07,9.579853e-07,2.7150838e-07,2.6008593e-07,2.9936615e-07,45.453606
1.352406025,0.8410852551,-0.0,-6.911148e-07,6.911148e-07,-2.7620572e-07,-9.640994e-07,1.0028845e-06,2.7620572e-07,2.729846e-07,3.1176967e-07,45.111126
1.352406025,0.8488371968,-0.0,-7.251625e-07,7.251625e-07,-2.8023615e-07,-1.0115057e-06,1.0496076e-06,2.8023615e-07,2.8634315e-07,3.2444507e-07,44.741013
1.352406025,0.8565891385,-0.0,-7.6096944e-07,7.6096944e-07,-2.8106783e-07,-1.0634787e-06,1.0999937e-06,2.8106783e-07,3.025093e-07,3.3902427e-07,44.551624
1.352406025,0.8643410802,-0.0,-7.988069e-07,7.988069e-07,-2.8197084e-07,-1.1165471e-06,1.151601e-06,2.8197084e-07,3.1774016e-07,3.5279413e-07,44.16513
1.352406025,0.8720930219,-0.0,-8.390273e-07,8.390273e-07,-2.830781e-07,-1.1717176e-06,1.2054275e-06,2.830781e-07,3.3269032e-07,3.6640017e-07,43.66964
1.352406025,0.8798449636,-0.0,-8.820845e-07,8.820845e-07,-2.8415243e-07,-1.2298195e-06,1.2622197e-06,2.8415243e-07,3.47735e-07,3.801352e-07,43.095097
1.352406025,0.8875969052,-0.0,-9.285718e-07,9.285718e-07,-2.8487656e-07,-1.290042e-06,1.3211219e-06,2.8487656e-07,3.6147014e-07,3.9255008e-07,42.274605
1.352406025,0.8953488469,-0.0,-9.79262e-07,9.79262e-07,-2.829187e-07,-1.3569863e-06,1.3861655e-06,2.829187e-07,3.777243e-07,4.069035e-07,41.552055
1.352406025,0.9031007886,-0.0,-1.0353052e-06,1.0353052e-06,-2.7845286e-07,-1.4339653e-06,1.4607507e-06,2.7845286e-07,3.9866006e-07,4.2544548e-07,41.093723
1.352406025,0.9108527303,-0.0,-1.0981755e-06,1.0981755e-06,-2.7302576e-07,-1.5128444e-06,1.5372837e-06,2.7302576e-07,4.1466888e-07,4.3910813e-07,39.98524
1.352406025,0.918604672,-0.0,-1.1697132e-06,1.1697132e-06,-2.7410627e-07,-1.601061e-06,1.6243554e-06,2.7410627e-07,4.3134776e-07,4.546422e-07,38.867836
1.352406025,0.9263566136,-0.0,-1.2526394e-06,1.2526394e-06,-2.7523626e-07,-1.6935279e-06,1.7157481e-06,2.7523626e-07,4.4088847e-07,4.6310868e-07,36.97063
1.352406025,0.9341084957,-0.0,-1.3508514e-06,1.3508514e-06,-2.759322e-07,-1.7993258e-06,1.8203604e-06,2.759322e-07,4.4847434e-07,4.695089e-07,34.756516
1.352406025,0.9418604374,-0.0,-1.4713664e-06,1.4713664e-06,-2.7592466e-07,-1.9168626e-06,1.93662e-06,2.7592466e-07,4.454962e-07,4.652536e-07,31.620512
1.352406025,0.9496123791,-0.0,-1.6280163e-06,1.6280163e-06,-2.758119e-07,-2.0361845e-06,2.0547798e-06,2.758119e-07,4.0816815e-07,4.2676345e-07,26.213709
1.352406025,0.9573643208,-0.0,-1.831475e-06,1.831475e-06,-2.7618415e-07,-2.158621e-06,2.1762175e-06,2.7618415e-07,3.2714615e-07,3.447426e-07,18.823223
1.352406025,0.9651162624,-0.0,-2.075072e-06,2.075072e-06,-2.7694117e-07,-2.277209e-06,2.293987e-06,2.7694117e-07,2.0213702e-07,2.1891515e-07,10.549762
1.352406025,0.9728682041,-0.0,-2.3786313e-06,2.3786313e-06,-2.7996336e-07,-2.4397157e-06,2.4557264e-06,2.7996336e-07,6.108439e-08,7.709514e-08,3.2411554
1.352406025,0.9806201458,-0.0,-2.9032008e-06,2.9032008e-06,-2.749248e-07,-2.7688827e-06,2.782498e-06,2.749248e-07,1.3431804e-07,1.2070268e-07,4.1575727
1.352406025,0.9883720875,-0.0,-3.3686306e-06,3.3686306e-06,-2.879537e-07,-3.7255518e-06,3.7366633e-06,2.879537e-07,3.569212e-07,3.6803272e-07,10.925291
1.352406025,0.9961240292,-0.0,-6.4479436e-06,6.4479436e-06,-1.6228233e-07,-6.6362886e-06,6.6382727e-06,1.6228233e-07,1.8834498e-07,1.9032905e-07,2.9517791
